Order_ID,Delivery_person_ID,Delivery_person_Age,Delivery_person_Ratings,Restaurant_ID,Restaurant_latitude,Restaurant_longitude,Delivery_location_latitude,Delivery_location_longitude,Type_of_order,Type_of_vehicle,Weather_conditions,Road_traffic_density,Festival,City,Order_Date,Time_Orderd,Time_Order_picked,Distance_km,Time_taken_min
ORD010651,DEL0423,56,4.5,RES0186,12.919515,77.66557,13.007106,77.687264,Meal,electric_scooter,Stormy,Low,No,Urban,2024-12-01,23:48,00:05,10.02,77
ORD002042,DEL0054,36,4.2,RES0048,12.910175,77.560308,12.878324,77.54638,Snack,scooter,Cloudy,Low,No,Metropolitan,2024-07-06,18:16,18:30,3.85,35
ORD008669,DEL0088,31,4.1,RES0164,12.918758,77.682244,12.898948,77.671091,Meal,motorcycle,Cloudy,High,No,Urban,2024-04-21,20:00,20:18,2.51,37
ORD001115,DEL0282,29,3.5,RES0277,12.979143,77.708888,13.051701,77.753213,Snack,motorcycle,Sunny,Medium,No,Metropolitan,2024-10-01,15:46,16:29,9.39,80
ORD013903,DEL0356,57,4.7,RES0274,13.050475,77.51695,13.023993,77.539731,Snack,motorcycle,Fog,High,No,Semi-Urban,2024-11-24,17:16,17:21,3.84,23
ORD011964,DEL0095,19,3.8,RES0240,12.97716,77.675212,13.014489,77.725447,Meal,electric_scooter,Sunny,Low,Yes,Urban,2024-10-02,17:07,17:29,6.84,57
ORD011073,DEL0035,32,4.6,RES0292,13.063213,77.537802,13.086779,77.585307,Meal,scooter,Cloudy,Jam,No,Urban,2024-05-06,18:43,19:00,5.77,58
ORD003003,DEL0261,25,4.5,RES0116,13.002955,77.518042,13.010332,77.538343,Meal,motorcycle,Rainy,Low,Yes,Semi-Urban,2024-07-01,10:28,10:49,2.35,31
ORD019772,DEL0440,30,4.1,RES0110,12.911286,77.615273,12.927856,77.619453,Meal,scooter,Stormy,High,No,Metropolitan,2024-02-20,19:39,20:01,1.9,44
ORD008116,DEL0114,31,3.0,RES0133,13.082054,77.604026,13.086779,77.579525,Drinks,motorcycle,Sunny,High,No,Urban,2024-05-16,20:58,21:07,2.71,27
ORD003526,DEL0014,45,4.6,RES0210,12.93409,77.569726,12.91552,77.591175,Meal,motorcycle,Fog,High,No,Metropolitan,2024-11-21,20:11,20:28,3.11,37
ORD007880,DEL0489,35,3.5,RES0008,13.069603,77.505735,13.054891,77.468124,Meal,electric_scooter,Cloudy,Medium,No,Metropolitan,2024-01-23,06:55,07:10,4.39,40
ORD016442,DEL0434,32,3.7,RES0040,12.981811,77.552258,12.955532,77.562085,Meal,scooter,Sunny,Jam,Yes,Semi-Urban,2024-12-22,10:04,10:27,3.11,49
ORD016297,DEL0589,29,4.3,RES0226,12.952061,77.690316,12.93019,77.691307,Meal,electric_scooter,Sunny,Medium,No,Metropolitan,2024-09-30,18:33,18:50,2.43,34
ORD012567,DEL0378,22,2.9,RES0195,12.908304,77.579021,12.874703,77.556151,Meal,scooter,Rainy,High,No,Semi-Urban,2024-06-04,18:08,18:25,4.48,46
ORD005253,DEL0142,19,4.0,RES0027,13.028686,77.495562,13.027053,77.450702,Meal,motorcycle,Sunny,High,No,Urban,2024-12-25,12:10,12:31,4.86,48
ORD019394,DEL0505,42,2.9,RES0235,13.074543,77.491307,12.96422,77.514302,Drinks,scooter,Sunny,Jam,No,Urban,2024-01-19,12:58,13:01,12.52,98
ORD016797,DEL0510,30,4.2,RES0030,12.968491,77.530814,12.941612,77.534137,Meal,motorcycle,Sunny,Jam,Yes,Urban,2024-05-31,08:58,09:23,3.01,48
ORD008095,DEL0066,24,4.8,RES0236,12.912745,77.592979,12.909545,77.622858,Meal,motorcycle,Cloudy,Low,No,Semi-Urban,2024-11-29,18:28,18:43,3.26,25
ORD000323,DEL0135,20,3.8,RES0220,12.880371,77.545414,12.893388,77.583233,Snack,motorcycle,Sunny,Medium,No,Urban,2024-11-21,00:36,00:51,4.35,32
ORD009924,DEL0225,23,4.5,RES0137,12.904774,77.498828,12.880078,77.485171,Meal,motorcycle,Stormy,High,No,Urban,2024-09-21,14:37,15:03,3.12,51
ORD007460,DEL0110,22,3.3,RES0199,12.939618,77.579726,12.929511,77.59922,Snack,scooter,Sunny,Jam,No,Semi-Urban,2024-06-01,15:18,15:25,2.39,29
ORD019025,DEL0250,22,3.7,RES0025,12.918359,77.593036,12.920619,77.567177,Snack,bicycle,Cloudy,Medium,No,Urban,2024-11-07,16:35,16:44,2.81,32
ORD017554,DEL0014,45,4.6,RES0045,12.857547,77.556119,12.823804,77.537394,Drinks,motorcycle,Sunny,Medium,No,Semi-Urban,2024-02-01,19:46,19:54,4.27,26
ORD009120,DEL0481,33,4.0,RES0042,12.95326,77.47799,12.982277,77.495902,Drinks,scooter,Cloudy,High,No,Semi-Urban,2024-09-26,12:34,12:43,3.77,29
ORD016422,DEL0575,23,4.3,RES0235,13.074543,77.491307,12.999021,77.480809,Meal,scooter,Cloudy,Medium,No,Urban,2024-11-15,11:41,11:55,8.47,43
ORD016061,DEL0264,27,3.8,RES0031,12.895873,77.563899,12.912403,77.618829,Meal,motorcycle,Sunny,Medium,No,Metropolitan,2024-08-01,20:46,21:08,6.23,50
ORD010121,DEL0265,26,4.5,RES0210,12.93409,77.569726,12.907757,77.570004,Meal,motorcycle,Cloudy,Jam,No,Metropolitan,2024-06-11,21:57,22:15,2.93,48
ORD019056,DEL0274,24,4.8,RES0222,12.950555,77.607934,12.969673,77.604795,Meal,electric_scooter,Sunny,Jam,No,Semi-Urban,2024-11-01,17:16,17:26,2.15,28
ORD003650,DEL0478,21,3.9,RES0018,12.998198,77.509396,12.928468,77.510905,Snack,motorcycle,Sunny,High,No,Semi-Urban,2024-04-02,18:38,18:46,7.76,39
ORD003942,DEL0242,40,4.1,RES0191,13.081784,77.58846,12.972517,77.651792,Meal,bicycle,Cloudy,Medium,No,Urban,2024-11-15,16:50,17:04,13.95,98
ORD017881,DEL0426,25,3.6,RES0139,12.85719,77.675221,12.894002,77.668205,Meal,scooter,Sunny,Low,No,Semi-Urban,2024-10-18,02:19,02:43,4.16,37
ORD016676,DEL0509,40,3.9,RES0124,12.870382,77.612356,12.822226,77.59185,Meal,electric_scooter,Cloudy,Medium,No,Urban,2024-02-10,10:16,10:36,5.8,53
ORD012631,DEL0241,34,3.7,RES0146,12.917238,77.691846,12.958545,77.668962,Meal,motorcycle,Stormy,High,Yes,Metropolitan,2024-09-25,19:55,20:23,5.22,75
ORD011444,DEL0027,42,4.1,RES0042,12.95326,77.47799,12.988576,77.447999,Snack,motorcycle,Cloudy,Low,No,Semi-Urban,2024-03-20,15:43,15:55,5.1,33
ORD012158,DEL0328,24,4.4,RES0288,12.896158,77.673349,12.993512,77.587225,Meal,electric_scooter,Rainy,Jam,No,Urban,2024-01-14,12:07,12:23,14.29,140
ORD013836,DEL0483,20,4.4,RES0192,12.973603,77.53585,12.979814,77.48937,Meal,motorcycle,Sunny,Medium,No,Semi-Urban,2024-11-09,11:44,12:04,5.08,39
ORD003435,DEL0244,24,4.1,RES0104,12.918355,77.703421,12.840897,77.662019,Meal,motorcycle,Sunny,High,No,Urban,2024-10-14,19:50,20:07,9.71,68
ORD018740,DEL0353,32,3.7,RES0284,13.007384,77.682957,13.017138,77.696617,Drinks,scooter,Cloudy,Medium,No,Metropolitan,2024-09-24,18:39,18:51,1.83,30
ORD017408,DEL0592,32,4.4,RES0100,13.031915,77.582263,13.053129,77.576228,Meal,scooter,Fog,Medium,No,Urban,2024-11-14,05:38,05:52,2.45,27
ORD015441,DEL0590,22,4.7,RES0126,13.08244,77.582766,13.073754,77.575543,Snack,motorcycle,Fog,Jam,No,Urban,2024-02-14,21:43,21:59,1.24,32
ORD010407,DEL0468,30,5.0,RES0194,13.020908,77.640298,12.978505,77.700705,Snack,electric_scooter,Rainy,Medium,Yes,Semi-Urban,2024-09-12,18:55,19:06,8.07,64
ORD006518,DEL0307,22,3.7,RES0107,13.088762,77.706637,13.072778,77.701012,Drinks,motorcycle,Sunny,Jam,No,Urban,2024-10-26,13:24,13:30,1.88,19
ORD000972,DEL0537,28,3.8,RES0198,12.918248,77.603679,12.92531,77.622367,Meal,electric_scooter,Sunny,Medium,No,Metropolitan,2024-10-12,15:28,15:44,2.17,32
ORD016488,DEL0201,23,4.5,RES0125,13.033525,77.512098,13.021692,77.465734,Meal,motorcycle,Stormy,Medium,No,Metropolitan,2024-12-15,17:55,18:18,5.19,57
ORD019731,DEL0571,28,3.0,RES0286,12.873972,77.631874,12.868456,77.591132,Drinks,scooter,Sunny,Low,No,Urban,2024-10-24,23:41,23:46,4.46,25
ORD013138,DEL0503,20,4.1,RES0162,12.945262,77.53889,12.914466,77.479234,Meal,motorcycle,Cloudy,Low,No,Metropolitan,2024-08-15,00:05,00:20,7.32,41
ORD003670,DEL0048,45,4.6,RES0187,13.015414,77.568316,12.98578,77.563053,Meal,motorcycle,Sunny,Medium,No,Urban,2024-03-05,11:33,11:50,3.34,35
ORD015984,DEL0454,18,5.0,RES0236,12.912745,77.592979,12.944714,77.575234,Meal,electric_scooter,Sunny,Low,No,Semi-Urban,2024-01-09,15:21,15:38,4.04,40
ORD004059,DEL0231,28,3.1,RES0250,12.978883,77.622063,13.008179,77.643315,Drinks,motorcycle,Cloudy,Medium,Yes,Semi-Urban,2024-04-30,16:53,17:01,3.99,30
ORD014977,DEL0463,49,3.4,RES0196,12.919593,77.574363,12.93651,77.63012,Snack,scooter,Cloudy,Medium,No,Urban,2024-03-19,21:47,21:59,6.33,41
ORD015699,DEL0467,20,4.0,RES0009,13.065204,77.641352,13.110029,77.663795,Buffet,scooter,Sunny,Jam,No,Urban,2024-03-26,19:20,19:49,5.55,72
ORD013830,DEL0268,39,3.8,RES0160,12.866383,77.594676,12.867155,77.518092,Meal,motorcycle,Sunny,Medium,No,Urban,2024-10-17,20:30,20:44,8.3,44
ORD013420,DEL0289,30,3.9,RES0101,12.963105,77.673367,12.899185,77.670188,Meal,motorcycle,Cloudy,Jam,No,Metropolitan,2024-09-16,20:08,20:23,7.12,70
ORD000961,DEL0053,23,3.3,RES0226,12.952061,77.690316,12.940963,77.675746,Meal,motorcycle,Sunny,Jam,No,Metropolitan,2024-06-13,19:37,19:58,2.0,39
ORD017745,DEL0064,30,4.3,RES0009,13.065204,77.641352,13.077,77.600068,Snack,scooter,Rainy,Medium,No,Urban,2024-03-25,21:38,21:48,4.66,38
ORD009865,DEL0595,23,3.5,RES0054,13.012422,77.511192,13.046676,77.485365,Snack,motorcycle,Sunny,Medium,No,Urban,2024-11-03,16:38,16:47,4.73,31
ORD011264,DEL0129,30,4.0,RES0199,12.939618,77.579726,12.915946,77.61595,Buffet,motorcycle,Cloudy,Low,No,Semi-Urban,2024-08-27,22:47,23:08,4.73,42
ORD015783,DEL0408,30,4.5,RES0157,12.987861,77.551789,12.970146,77.547637,Snack,scooter,Sunny,High,No,Urban,2024-04-28,19:19,19:28,2.02,22
ORD017197,DEL0488,33,4.2,RES0060,13.032647,77.484921,13.076871,77.466375,Snack,scooter,Cloudy,Jam,No,Metropolitan,2024-12-06,12:44,12:51,5.31,48
ORD007555,DEL0073,28,4.1,RES0062,13.051368,77.606183,13.044094,77.694913,Meal,scooter,Cloudy,High,No,Semi-Urban,2024-01-21,10:50,11:07,9.65,68
ORD010499,DEL0124,21,4.9,RES0195,12.908304,77.579021,12.922136,77.614576,Meal,motorcycle,Cloudy,High,No,Semi-Urban,2024-12-27,17:50,18:09,4.15,36
ORD017060,DEL0263,31,4.8,RES0042,12.95326,77.47799,12.933555,77.510322,Buffet,scooter,Fog,Low,No,Semi-Urban,2024-11-14,16:18,16:57,4.13,59
ORD017929,DEL0147,37,4.3,RES0279,12.97404,77.650356,13.022228,77.684692,Meal,scooter,Sunny,High,No,Semi-Urban,2024-10-12,19:43,19:59,6.52,49
ORD007086,DEL0374,37,4.6,RES0205,13.021099,77.582822,12.981692,77.622218,Meal,electric_scooter,Rainy,High,No,Urban,2024-10-11,18:50,19:48,6.12,100
ORD014754,DEL0134,28,4.5,RES0247,12.886004,77.523812,12.883069,77.632548,Snack,electric_scooter,Sunny,High,No,Urban,2024-01-02,19:09,19:24,11.79,76
ORD004520,DEL0199,23,4.2,RES0096,12.899665,77.646805,12.879979,77.679271,Drinks,motorcycle,Sunny,Jam,No,Metropolitan,2024-09-27,20:40,20:44,4.14,37
ORD003025,DEL0010,35,4.0,RES0247,12.886004,77.523812,12.867063,77.537886,Snack,electric_scooter,Stormy,High,No,Urban,2024-07-07,19:05,19:20,2.6,46
ORD012122,DEL0333,18,4.0,RES0276,13.069985,77.535987,13.053031,77.527046,Meal,scooter,Cloudy,High,No,Semi-Urban,2024-07-23,15:58,16:13,2.12,27
ORD018495,DEL0093,18,3.4,RES0034,13.080149,77.586621,13.137345,77.604917,Meal,scooter,Cloudy,Low,Yes,Urban,2024-10-02,06:59,07:21,6.66,52
ORD005484,DEL0421,26,4.0,RES0097,12.871966,77.702505,12.88869,77.702646,Meal,scooter,Cloudy,Low,No,Urban,2024-02-12,18:25,18:42,1.86,26
ORD001420,DEL0595,23,3.5,RES0295,13.061779,77.521585,13.103576,77.504709,Drinks,motorcycle,Sunny,High,No,Metropolitan,2024-10-01,21:36,21:43,4.99,38
ORD006210,DEL0374,37,4.6,RES0046,12.954806,77.517885,12.90257,77.540824,Drinks,electric_scooter,Rainy,Low,No,Semi-Urban,2024-08-24,19:04,19:10,6.32,30
ORD010743,DEL0374,37,4.6,RES0155,13.076164,77.694278,13.059098,77.694255,Meal,electric_scooter,Sunny,Jam,No,Metropolitan,2024-07-17,20:47,21:09,1.9,41
ORD016144,DEL0413,34,4.1,RES0229,13.022693,77.642462,12.965417,77.47276,Buffet,scooter,Rainy,Jam,Yes,Metropolitan,2024-08-22,19:03,19:44,19.46,232
ORD017618,DEL0404,27,4.0,RES0299,13.078249,77.519421,13.066251,77.524328,Meal,electric_scooter,Stormy,High,No,Urban,2024-06-30,21:43,21:57,1.44,28
ORD014569,DEL0472,40,4.5,RES0135,12.935361,77.492179,12.902464,77.506575,Meal,motorcycle,Fog,Jam,No,Metropolitan,2024-11-27,21:00,21:28,3.98,57
ORD000981,DEL0302,25,3.6,RES0099,12.959777,77.60592,12.936427,77.541842,Snack,motorcycle,Sunny,Low,No,Semi-Urban,2024-02-10,15:42,15:54,7.41,33
ORD002784,DEL0494,25,4.2,RES0145,12.951268,77.639421,12.916414,77.679177,Meal,bicycle,Sunny,High,Yes,Urban,2024-12-30,12:04,12:30,5.8,83
ORD007714,DEL0505,42,2.9,RES0226,12.952061,77.690316,12.983217,77.691575,Snack,scooter,Cloudy,High,No,Metropolitan,2024-12-17,12:30,12:47,3.47,44
ORD011519,DEL0589,29,4.3,RES0208,12.858373,77.541855,12.790594,77.552837,Buffet,electric_scooter,Cloudy,High,Yes,Semi-Urban,2024-12-03,17:07,17:32,7.63,71
ORD008601,DEL0066,24,4.8,RES0130,12.905885,77.548916,12.910062,77.558468,Snack,motorcycle,Fog,Medium,No,Semi-Urban,2024-11-16,11:41,11:47,1.13,14
ORD011641,DEL0115,32,4.1,RES0208,12.858373,77.541855,12.883597,77.561052,Buffet,motorcycle,Sunny,Jam,No,Semi-Urban,2024-03-22,13:44,14:08,3.49,49
ORD018831,DEL0300,30,4.1,RES0210,12.93409,77.569726,12.93354,77.592935,Snack,motorcycle,Rainy,Jam,No,Metropolitan,2024-06-13,12:53,13:01,2.52,37
ORD012563,DEL0422,29,3.9,RES0070,12.955126,77.691169,12.924019,77.681858,Meal,motorcycle,Sunny,Low,No,Urban,2024-10-01,22:52,23:09,3.6,29
ORD012752,DEL0117,18,4.5,RES0151,12.856435,77.69238,12.89843,77.688124,Meal,bicycle,Sunny,Jam,No,Semi-Urban,2024-01-29,20:29,21:02,4.69,77
ORD006385,DEL0503,20,4.1,RES0171,13.025104,77.713761,12.976757,77.744698,Drinks,motorcycle,Stormy,Medium,No,Semi-Urban,2024-05-22,22:25,22:29,6.34,36
ORD004808,DEL0007,19,3.7,RES0259,13.059304,77.582445,13.090276,77.630515,Meal,scooter,Fog,High,Yes,Metropolitan,2024-04-30,13:57,14:18,6.24,67
ORD006196,DEL0259,36,3.9,RES0049,12.989373,77.679048,12.945686,77.669765,Snack,scooter,Sunny,High,No,Metropolitan,2024-02-06,14:28,14:33,4.96,45
ORD010649,DEL0455,31,4.6,RES0204,12.956609,77.491661,12.916222,77.523744,Meal,scooter,Cloudy,High,No,Semi-Urban,2024-12-05,21:41,22:03,5.68,52
ORD007568,DEL0401,26,4.2,RES0097,12.871966,77.702505,12.930885,77.720869,Snack,bicycle,Fog,Low,No,Urban,2024-11-21,23:00,23:09,6.85,54
ORD016398,DEL0372,26,4.4,RES0001,12.927837,77.491145,12.921792,77.506752,Snack,scooter,Sunny,Medium,No,Metropolitan,2024-01-19,18:16,18:25,1.82,22
ORD017525,DEL0505,42,2.9,RES0160,12.866383,77.594676,12.919339,77.624644,Meal,scooter,Rainy,Medium,No,Urban,2024-03-15,00:47,01:01,6.72,58
ORD001347,DEL0342,42,4.2,RES0028,12.892641,77.580444,12.883834,77.53753,Meal,bicycle,Sunny,High,No,Urban,2024-10-26,21:50,22:07,4.75,57
ORD013125,DEL0529,25,4.3,RES0214,12.913373,77.571597,12.972073,77.579754,Meal,motorcycle,Rainy,Medium,No,Semi-Urban,2024-11-03,07:42,08:00,6.59,47
ORD012674,DEL0326,20,4.5,RES0054,13.012422,77.511192,13.023255,77.545994,Meal,bicycle,Cloudy,Jam,No,Urban,2024-10-10,13:50,14:02,3.96,62
ORD015456,DEL0235,35,3.7,RES0190,12.997551,77.56652,12.958217,77.583312,Meal,motorcycle,Sunny,High,No,Metropolitan,2024-12-20,12:21,12:38,4.74,48
ORD014002,DEL0453,31,5.0,RES0236,12.912745,77.592979,12.840383,77.603649,Snack,motorcycle,Rainy,High,No,Semi-Urban,2024-09-19,21:18,21:31,8.13,57
ORD018622,DEL0394,31,4.2,RES0246,12.897755,77.499167,12.90081,77.458972,Meal,scooter,Rainy,High,No,Metropolitan,2024-03-23,14:35,14:55,4.37,50
ORD002120,DEL0494,25,4.2,RES0246,12.897755,77.499167,12.929613,77.551432,Meal,bicycle,Stormy,Low,No,Metropolitan,2024-08-30,11:42,11:59,6.68,84
ORD015305,DEL0600,30,3.6,RES0069,13.055849,77.550171,13.01584,77.520378,Meal,motorcycle,Cloudy,Medium,No,Semi-Urban,2024-08-01,20:05,20:29,5.5,43
ORD004310,DEL0022,32,3.4,RES0294,12.873472,77.479589,12.9692,77.501382,Meal,electric_scooter,Sunny,Medium,No,Urban,2024-12-07,12:34,12:53,10.9,68
ORD004485,DEL0276,33,4.5,RES0132,13.074286,77.696174,13.060168,77.730551,Meal,motorcycle,Sunny,Low,No,Metropolitan,2024-11-28,16:50,17:06,4.04,34
ORD011014,DEL0276,33,4.5,RES0074,12.911341,77.633701,12.928678,77.672137,Snack,motorcycle,Cloudy,Medium,No,Metropolitan,2024-11-21,11:01,11:10,4.59,31
ORD004771,DEL0004,27,4.8,RES0088,12.89695,77.65544,12.871389,77.645985,Meal,motorcycle,Cloudy,Low,No,Urban,2024-09-23,10:30,10:41,3.02,24
ORD002713,DEL0120,18,4.2,RES0015,12.9428,77.578302,12.967339,77.600769,Meal,bicycle,Cloudy,Jam,No,Metropolitan,2024-05-03,13:15,13:33,3.66,66
ORD012187,DEL0136,29,3.3,RES0102,12.934116,77.678518,12.896227,77.665089,Meal,motorcycle,Cloudy,Low,No,Semi-Urban,2024-10-22,09:46,10:06,4.46,40
ORD016616,DEL0389,35,4.2,RES0039,12.873742,77.493963,12.860505,77.524229,Snack,motorcycle,Sunny,Jam,No,Urban,2024-04-25,21:25,21:33,3.6,34
ORD010948,DEL0230,33,4.0,RES0232,12.861037,77.66824,12.792471,77.704522,Meal,motorcycle,Cloudy,Medium,Yes,Urban,2024-11-25,14:57,15:30,8.58,61
ORD002546,DEL0567,31,3.8,RES0134,12.882292,77.622685,12.909895,77.613924,Meal,scooter,Cloudy,Medium,No,Urban,2024-10-23,11:50,12:08,3.21,43
ORD012620,DEL0084,26,4.4,RES0128,13.052268,77.540409,13.054065,77.590789,Meal,motorcycle,Stormy,Jam,No,Urban,2024-07-30,13:30,13:46,5.46,62
ORD009852,DEL0562,24,4.4,RES0011,12.909314,77.557368,12.887257,77.40288,Drinks,scooter,Cloudy,Medium,No,Semi-Urban,2024-06-28,08:25,08:32,16.92,58
ORD004411,DEL0308,30,4.4,RES0184,12.861186,77.680033,12.887387,77.696212,Drinks,motorcycle,Sunny,Jam,No,Urban,2024-11-15,13:40,13:48,3.4,28
ORD019648,DEL0448,19,4.4,RES0275,12.884924,77.608198,12.874417,77.617977,Buffet,scooter,Rainy,Low,No,Urban,2024-09-30,20:15,20:40,1.58,40
ORD012345,DEL0418,31,5.0,RES0121,13.041782,77.481577,13.021864,77.518023,Meal,motorcycle,Fog,High,No,Semi-Urban,2024-10-21,17:25,17:43,4.53,40
ORD012408,DEL0535,33,3.3,RES0290,12.997592,77.59671,12.970987,77.642444,Meal,scooter,Stormy,Medium,No,Semi-Urban,2024-12-25,20:00,20:21,5.77,59
ORD009611,DEL0285,18,3.7,RES0151,12.856435,77.69238,12.982365,77.748352,Snack,motorcycle,Cloudy,High,No,Semi-Urban,2024-07-21,12:00,12:19,15.26,84
ORD010719,DEL0242,40,4.1,RES0253,13.046697,77.520215,13.078638,77.483299,Meal,bicycle,Cloudy,Low,No,Semi-Urban,2024-04-12,08:02,08:16,5.35,48
ORD007572,DEL0500,27,3.9,RES0294,12.873472,77.479589,12.775687,77.622026,Drinks,scooter,Sunny,High,No,Urban,2024-02-26,11:22,11:27,18.89,89
ORD003571,DEL0175,32,4.1,RES0189,13.008231,77.482636,12.997433,77.52704,Meal,scooter,Sunny,Jam,Yes,Metropolitan,2024-07-08,21:16,21:34,4.96,69
ORD008603,DEL0105,18,4.2,RES0272,12.986014,77.68406,13.10978,77.636974,Snack,electric_scooter,Cloudy,Medium,Yes,Semi-Urban,2024-11-02,19:46,19:53,14.68,84
ORD003560,DEL0424,51,3.0,RES0022,13.062396,77.523154,13.082737,77.509965,Meal,electric_scooter,Rainy,Jam,No,Urban,2024-02-26,13:32,13:52,2.68,54
ORD004992,DEL0123,32,4.7,RES0270,13.073106,77.511275,13.047944,77.435212,Meal,electric_scooter,Rainy,Medium,No,Metropolitan,2024-12-06,21:24,21:43,8.7,68
ORD007440,DEL0038,32,3.8,RES0043,12.923459,77.497456,12.961899,77.465577,Meal,electric_scooter,Sunny,Medium,No,Semi-Urban,2024-09-24,23:53,00:06,5.5,37
ORD009326,DEL0406,30,4.0,RES0079,12.989246,77.62829,12.97873,77.663563,Drinks,scooter,Sunny,Medium,No,Urban,2024-08-10,05:29,05:35,4.0,27
ORD002301,DEL0520,33,4.7,RES0134,12.882292,77.622685,12.912014,77.627733,Drinks,motorcycle,Sunny,Low,No,Urban,2024-05-19,22:21,22:27,3.35,21
ORD007667,DEL0202,25,5.0,RES0128,13.052268,77.540409,13.080883,77.553392,Meal,electric_scooter,Cloudy,Low,No,Urban,2024-04-28,19:52,20:13,3.48,37
ORD005805,DEL0420,27,4.4,RES0283,12.933845,77.566834,12.931183,77.537873,Meal,motorcycle,Sunny,Jam,No,Semi-Urban,2024-07-02,20:24,20:38,3.15,34
ORD012023,DEL0162,50,3.8,RES0060,13.032647,77.484921,13.031352,77.464055,Drinks,scooter,Sunny,High,No,Metropolitan,2024-02-18,14:38,14:45,2.27,45
ORD015538,DEL0141,32,4.9,RES0200,12.945431,77.588356,12.943591,77.573528,Meal,scooter,Cloudy,Low,Yes,Semi-Urban,2024-05-18,22:35,23:03,1.62,40
ORD009758,DEL0382,22,4.5,RES0238,13.010796,77.648283,12.960829,77.549717,Meal,scooter,Cloudy,High,No,Metropolitan,2024-06-28,12:10,12:24,12.04,72
ORD012015,DEL0022,32,3.4,RES0187,13.015414,77.568316,12.891795,77.497708,Meal,electric_scooter,Cloudy,Medium,No,Urban,2024-11-04,16:57,17:11,15.73,103
ORD005212,DEL0377,25,3.9,RES0107,13.088762,77.706637,13.124429,77.699659,Meal,scooter,Rainy,Medium,No,Urban,2024-09-23,19:25,19:53,4.04,50
ORD011549,DEL0105,18,4.2,RES0175,13.076146,77.666224,13.08306,77.673048,Meal,electric_scooter,Cloudy,Medium,No,Urban,2024-10-30,22:30,22:52,1.07,32
ORD012367,DEL0248,26,4.6,RES0202,12.904374,77.476118,12.892436,77.460322,Snack,motorcycle,Sunny,Jam,No,Urban,2024-11-15,15:56,16:01,2.17,18
ORD009271,DEL0400,23,4.2,RES0175,13.076146,77.666224,12.999037,77.696574,Meal,motorcycle,Sunny,Medium,No,Urban,2024-02-24,13:20,13:43,9.18,53
ORD003976,DEL0478,21,3.9,RES0042,12.95326,77.47799,12.986615,77.475061,Snack,motorcycle,Cloudy,Medium,No,Semi-Urban,2024-01-28,15:13,15:25,3.72,29
ORD016091,DEL0195,27,4.1,RES0296,12.922479,77.666648,12.931925,77.67547,Meal,electric_scooter,Cloudy,Low,No,Urban,2024-05-23,23:11,23:26,1.42,25
ORD017233,DEL0485,30,4.2,RES0279,12.97404,77.650356,12.977462,77.673359,Snack,motorcycle,Sunny,High,No,Semi-Urban,2024-03-27,09:48,09:58,2.52,25
ORD017444,DEL0144,32,4.2,RES0198,12.918248,77.603679,12.960241,77.481328,Buffet,motorcycle,Sunny,High,No,Metropolitan,2024-10-19,17:19,17:44,14.06,91
ORD013657,DEL0263,31,4.8,RES0157,12.987861,77.551789,13.068589,77.704948,Snack,scooter,Cloudy,Medium,No,Urban,2024-07-25,20:03,20:16,18.86,79
ORD015646,DEL0443,24,4.9,RES0193,13.027357,77.482098,13.033087,77.4766,Meal,scooter,Rainy,High,No,Urban,2024-09-06,19:13,19:30,0.87,28
ORD002731,DEL0389,35,4.2,RES0289,12.897412,77.588908,12.912141,77.581155,Drinks,motorcycle,Rainy,Medium,No,Metropolitan,2024-10-25,23:41,23:48,1.84,24
ORD003299,DEL0322,28,4.1,RES0192,12.973603,77.53585,12.966739,77.526745,Drinks,motorcycle,Stormy,Medium,Yes,Semi-Urban,2024-09-12,18:24,18:37,1.25,27
ORD008957,DEL0171,27,4.1,RES0005,13.062672,77.500041,13.054468,77.446254,Meal,motorcycle,Cloudy,Jam,No,Metropolitan,2024-06-04,11:12,11:32,5.9,66
ORD017411,DEL0024,27,4.0,RES0113,12.974613,77.542116,12.922056,77.624707,Drinks,scooter,Rainy,Medium,No,Semi-Urban,2024-08-23,13:41,13:44,10.69,49
ORD015156,DEL0267,49,3.9,RES0145,12.951268,77.639421,12.936621,77.663157,Drinks,motorcycle,Fog,High,No,Urban,2024-01-16,13:32,13:41,3.04,34
ORD017277,DEL0147,37,4.3,RES0053,12.931106,77.593472,12.897557,77.596685,Drinks,scooter,Sunny,Medium,No,Semi-Urban,2024-01-13,08:27,08:39,3.75,28
ORD006704,DEL0229,39,3.7,RES0125,13.033525,77.512098,12.964401,77.462778,Meal,motorcycle,Cloudy,Jam,Yes,Metropolitan,2024-05-18,13:26,13:50,9.36,100
ORD001969,DEL0566,33,4.8,RES0255,12.982884,77.582314,12.953491,77.711762,Snack,bicycle,Cloudy,Medium,No,Metropolitan,2024-04-29,19:21,19:33,14.4,112
ORD004937,DEL0197,28,4.2,RES0280,12.860246,77.660119,12.762133,77.595399,Meal,bicycle,Rainy,Low,Yes,Semi-Urban,2024-05-18,18:53,19:14,12.97,116
ORD002113,DEL0169,25,4.0,RES0247,12.886004,77.523812,12.912672,77.502842,Meal,scooter,Sunny,Medium,No,Urban,2024-11-24,18:08,18:29,3.74,43
ORD000879,DEL0313,25,5.0,RES0012,12.952355,77.496286,12.978069,77.414029,Buffet,scooter,Sunny,High,No,Semi-Urban,2024-10-28,19:28,20:04,9.36,79
ORD019076,DEL0199,23,4.2,RES0279,12.97404,77.650356,12.947763,77.631525,Snack,motorcycle,Fog,Medium,No,Semi-Urban,2024-10-18,07:01,07:09,3.56,27
ORD012990,DEL0485,30,4.2,RES0139,12.85719,77.675221,12.801251,77.680306,Meal,motorcycle,Cloudy,High,No,Semi-Urban,2024-09-21,15:01,15:30,6.24,56
ORD007278,DEL0399,33,4.6,RES0084,13.025537,77.67784,13.006342,77.668049,Meal,motorcycle,Rainy,Low,No,Urban,2024-07-23,21:01,21:28,2.38,44
ORD005710,DEL0024,27,4.0,RES0260,12.94433,77.501836,12.930778,77.462587,Snack,scooter,Cloudy,High,No,Urban,2024-08-14,20:01,20:12,4.51,38
ORD012079,DEL0107,32,4.1,RES0222,12.950555,77.607934,12.964053,77.624717,Meal,bicycle,Rainy,Low,No,Semi-Urban,2024-03-02,07:25,07:34,2.36,31
ORD006688,DEL0096,28,3.5,RES0129,13.075515,77.649625,13.04048,77.700049,Meal,motorcycle,Sunny,Medium,Yes,Urban,2024-04-16,18:48,18:59,6.71,43
ORD006419,DEL0294,29,3.3,RES0226,12.952061,77.690316,12.934962,77.711158,Snack,scooter,Cloudy,Low,No,Metropolitan,2024-02-04,22:31,22:38,2.95,28
ORD010432,DEL0409,33,3.2,RES0040,12.981811,77.552258,12.944871,77.579779,Meal,motorcycle,Cloudy,Jam,No,Semi-Urban,2024-10-15,20:52,21:11,5.08,52
ORD009983,DEL0422,29,3.9,RES0105,13.074283,77.569428,13.051287,77.5312,Drinks,motorcycle,Cloudy,Low,Yes,Semi-Urban,2024-04-30,22:22,22:25,4.87,22
ORD019074,DEL0428,43,4.8,RES0222,12.950555,77.607934,12.963502,77.602249,Meal,scooter,Cloudy,Medium,No,Semi-Urban,2024-12-04,17:18,17:28,1.57,21
ORD004630,DEL0189,29,4.1,RES0131,12.977555,77.604234,12.944237,77.596917,Drinks,electric_scooter,Cloudy,Medium,No,Metropolitan,2024-08-23,18:34,18:42,3.79,34
ORD008863,DEL0110,22,3.3,RES0040,12.981811,77.552258,13.01213,77.5836,Drinks,scooter,Rainy,Medium,No,Semi-Urban,2024-09-11,12:46,12:55,4.79,31
ORD004668,DEL0533,21,4.5,RES0113,12.974613,77.542116,12.950812,77.513536,Meal,motorcycle,Sunny,Medium,No,Semi-Urban,2024-08-17,12:01,12:19,4.07,37
ORD014164,DEL0225,23,4.5,RES0157,12.987861,77.551789,12.952006,77.561706,Meal,motorcycle,Stormy,High,Yes,Urban,2024-08-22,17:38,17:54,4.13,47
ORD000386,DEL0069,28,4.7,RES0017,12.937984,77.703524,12.969742,77.708118,Meal,motorcycle,Sunny,High,Yes,Metropolitan,2024-02-23,19:04,19:25,3.57,47
ORD004187,DEL0282,29,3.5,RES0088,12.89695,77.65544,12.946347,77.633892,Snack,motorcycle,Cloudy,Medium,No,Urban,2024-05-06,13:13,13:19,5.97,34
ORD005346,DEL0459,44,4.5,RES0081,12.89175,77.504365,12.919224,77.485339,Meal,bicycle,Sunny,High,No,Metropolitan,2024-01-24,06:08,06:28,3.69,56
ORD002196,DEL0209,27,4.0,RES0209,13.013818,77.681002,13.026804,77.615707,Drinks,motorcycle,Rainy,Low,No,Urban,2024-09-18,15:02,15:10,7.22,40
ORD014991,DEL0167,30,4.1,RES0002,12.871505,77.617002,12.867286,77.597466,Meal,motorcycle,Cloudy,Low,No,Urban,2024-04-17,17:52,18:05,2.17,24
ORD012635,DEL0112,28,5.0,RES0157,12.987861,77.551789,12.903796,77.516526,Snack,scooter,Rainy,High,No,Urban,2024-05-12,10:29,10:35,10.1,79
ORD001078,DEL0537,28,3.8,RES0219,12.878365,77.713561,12.910253,77.691418,Snack,electric_scooter,Cloudy,Medium,No,Semi-Urban,2024-05-21,08:35,08:45,4.28,32
ORD006287,DEL0136,29,3.3,RES0094,13.061935,77.538219,13.129135,77.575127,Snack,motorcycle,Sunny,Medium,No,Metropolitan,2024-10-19,22:48,22:52,8.47,30
ORD005934,DEL0084,26,4.4,RES0208,12.858373,77.541855,12.838639,77.554661,Snack,motorcycle,Rainy,Low,No,Semi-Urban,2024-09-18,23:23,23:32,2.6,20
ORD018513,DEL0580,23,4.1,RES0104,12.918355,77.703421,12.895032,77.719837,Snack,motorcycle,Sunny,High,Yes,Urban,2024-12-30,10:06,10:16,3.15,28
ORD019718,DEL0144,32,4.2,RES0223,12.852063,77.621422,12.875602,77.636497,Snack,motorcycle,Sunny,Jam,No,Semi-Urban,2024-01-08,19:30,19:40,3.09,28
ORD013364,DEL0237,23,3.1,RES0083,12.912804,77.549798,12.909976,77.563627,Snack,motorcycle,Cloudy,High,No,Urban,2024-02-14,14:24,14:36,1.53,22
ORD008073,DEL0590,22,4.7,RES0210,12.93409,77.569726,12.904894,77.583579,Meal,motorcycle,Stormy,Jam,No,Metropolitan,2024-07-23,10:52,11:10,3.58,53
ORD017021,DEL0434,32,3.7,RES0299,13.078249,77.519421,13.113949,77.612781,Meal,scooter,Sunny,High,Yes,Urban,2024-11-25,20:38,20:52,10.86,84
ORD009544,DEL0223,39,4.0,RES0184,12.861186,77.680033,12.913023,77.690284,Meal,motorcycle,Sunny,Medium,No,Urban,2024-05-06,12:59,13:16,5.87,42
ORD019095,DEL0397,20,5.0,RES0297,12.953701,77.556262,12.927019,77.562525,Meal,scooter,Rainy,Jam,No,Urban,2024-07-25,19:55,20:19,3.04,47
ORD013356,DEL0118,19,4.3,RES0109,12.872814,77.513372,12.852763,77.541683,Meal,scooter,Sunny,Medium,No,Semi-Urban,2024-01-23,08:57,09:12,3.79,34
ORD018632,DEL0170,26,3.6,RES0172,12.982396,77.511216,12.986414,77.542209,Drinks,scooter,Cloudy,Jam,No,Urban,2024-12-25,13:52,14:01,3.39,30
ORD002849,DEL0436,55,4.2,RES0271,12.901365,77.527019,12.930703,77.545203,Snack,motorcycle,Cloudy,Medium,Yes,Metropolitan,2024-01-18,18:01,18:15,3.81,44
ORD012792,DEL0059,19,3.6,RES0164,12.918758,77.682244,12.91765,77.702388,Meal,scooter,Cloudy,Jam,No,Urban,2024-06-12,12:18,12:36,2.19,37
ORD007723,DEL0267,49,3.9,RES0033,12.935123,77.527431,13.076408,77.558014,Meal,motorcycle,Cloudy,Low,No,Metropolitan,2024-11-04,09:34,09:49,16.06,82
ORD000813,DEL0110,22,3.3,RES0256,13.048372,77.523196,13.033711,77.508774,Meal,scooter,Sunny,Jam,No,Urban,2024-06-27,13:42,14:03,2.26,42
ORD011194,DEL0250,22,3.7,RES0212,12.92939,77.534331,12.897236,77.534164,Drinks,bicycle,Fog,Jam,No,Urban,2024-05-30,14:41,14:48,3.58,56
ORD005136,DEL0169,25,4.0,RES0003,12.889647,77.711979,12.868866,77.688678,Snack,scooter,Sunny,High,No,Urban,2024-05-24,19:54,20:03,3.42,28
ORD008511,DEL0158,30,4.7,RES0237,12.88579,77.493985,12.872542,77.44559,Meal,scooter,Sunny,High,No,Semi-Urban,2024-07-11,12:49,13:05,5.45,43
ORD007435,DEL0137,33,4.3,RES0160,12.866383,77.594676,12.88472,77.626418,Drinks,motorcycle,Cloudy,Medium,Yes,Urban,2024-05-08,18:22,18:29,4.0,28
ORD016477,DEL0342,42,4.2,RES0151,12.856435,77.69238,12.865902,77.656822,Snack,bicycle,Rainy,Medium,No,Semi-Urban,2024-02-29,06:53,07:09,4.0,50
ORD000937,DEL0572,22,3.9,RES0085,13.042591,77.565522,13.072154,77.601648,Meal,scooter,Sunny,Medium,No,Semi-Urban,2024-10-18,21:22,21:41,5.11,39
ORD011966,DEL0172,26,4.3,RES0152,12.889387,77.497516,12.774852,77.403842,Meal,electric_scooter,Sunny,High,No,Semi-Urban,2024-08-26,14:33,14:57,16.29,109
ORD001693,DEL0391,30,3.1,RES0290,12.997592,77.59671,13.000093,77.542356,Buffet,electric_scooter,Sunny,Medium,No,Semi-Urban,2024-11-20,18:54,19:26,5.9,62
ORD006217,DEL0378,22,2.9,RES0205,13.021099,77.582822,12.92658,77.621445,Snack,scooter,Cloudy,Medium,No,Urban,2024-09-15,15:54,16:02,11.31,61
ORD009460,DEL0275,30,4.8,RES0055,12.956968,77.513379,12.972892,77.485448,Meal,scooter,Cloudy,Low,No,Metropolitan,2024-11-05,18:50,19:13,3.51,44
ORD012528,DEL0494,25,4.2,RES0073,13.082453,77.631071,13.088577,77.622642,Snack,bicycle,Sunny,Jam,No,Urban,2024-02-12,19:41,19:54,1.14,29
ORD015485,DEL0382,22,4.5,RES0061,13.056123,77.610236,13.061926,77.628131,Meal,scooter,Cloudy,Low,No,Urban,2024-08-17,11:37,12:01,2.04,39
ORD005793,DEL0363,24,4.9,RES0204,12.956609,77.491661,12.97201,77.484797,Snack,scooter,Rainy,Low,No,Semi-Urban,2024-07-05,18:21,18:30,1.87,18
ORD012267,DEL0224,20,3.7,RES0055,12.956968,77.513379,12.976282,77.397387,Snack,scooter,Sunny,High,Yes,Metropolitan,2024-05-14,09:22,09:37,12.75,100
ORD002222,DEL0527,53,4.6,RES0104,12.918355,77.703421,12.909961,77.718392,Snack,scooter,Stormy,Medium,No,Urban,2024-07-03,09:39,09:48,1.87,26
ORD015758,DEL0308,30,4.4,RES0024,12.988764,77.508055,12.940318,77.422963,Meal,motorcycle,Cloudy,Medium,No,Metropolitan,2024-05-30,15:17,15:46,10.68,75
ORD004694,DEL0569,50,4.3,RES0181,12.921274,77.596832,12.885866,77.665894,Meal,motorcycle,Rainy,High,No,Semi-Urban,2024-09-23,20:56,21:11,8.46,55
ORD010109,DEL0009,23,3.7,RES0193,13.027357,77.482098,12.958719,77.464407,Snack,motorcycle,Cloudy,High,No,Urban,2024-04-09,14:37,14:51,7.87,52
ORD005108,DEL0338,34,4.7,RES0032,12.874293,77.49184,12.889217,77.488391,Snack,scooter,Cloudy,High,No,Urban,2024-03-26,23:47,23:57,1.7,23
ORD013481,DEL0400,23,4.2,RES0021,13.041362,77.492927,13.074383,77.471863,Drinks,motorcycle,Sunny,Jam,No,Urban,2024-02-12,15:30,15:40,4.32,40
ORD004746,DEL0006,49,3.7,RES0254,13.063096,77.48939,13.084203,77.476175,Meal,motorcycle,Sunny,High,No,Urban,2024-04-21,13:34,13:45,2.75,29
ORD001605,DEL0542,24,4.1,RES0208,12.858373,77.541855,12.83128,77.508481,Drinks,bicycle,Sunny,Medium,No,Semi-Urban,2024-04-29,17:37,17:41,4.71,39
ORD017396,DEL0522,25,3.9,RES0201,12.996527,77.614009,13.017456,77.607144,Drinks,motorcycle,Sunny,High,No,Semi-Urban,2024-11-03,19:01,19:08,2.44,20
ORD016864,DEL0283,34,4.5,RES0155,13.076164,77.694278,13.030479,77.739794,Drinks,scooter,Rainy,High,No,Metropolitan,2024-08-24,08:29,08:37,7.08,54
ORD008214,DEL0066,24,4.8,RES0017,12.937984,77.703524,12.916261,77.693535,Meal,motorcycle,Sunny,High,No,Metropolitan,2024-03-01,12:26,12:48,2.65,43
ORD001093,DEL0219,31,4.1,RES0179,12.950898,77.577183,12.990805,77.594855,Meal,scooter,Cloudy,High,No,Metropolitan,2024-03-24,11:01,11:21,4.83,54
ORD013885,DEL0393,48,4.2,RES0237,12.88579,77.493985,12.846,77.494116,Drinks,scooter,Cloudy,Medium,No,Semi-Urban,2024-10-06,22:42,22:49,4.42,29
ORD006312,DEL0120,18,4.2,RES0285,12.971047,77.60348,12.975319,77.691069,Drinks,bicycle,Sunny,Jam,No,Urban,2024-01-09,07:11,07:14,9.5,108
ORD009013,DEL0105,18,4.2,RES0043,12.923459,77.497456,12.889739,77.488373,Meal,electric_scooter,Rainy,High,No,Semi-Urban,2024-07-31,16:26,16:38,3.88,39
ORD000352,DEL0061,20,3.8,RES0095,12.925897,77.562614,12.944293,77.503963,Drinks,motorcycle,Rainy,Low,No,Semi-Urban,2024-08-26,10:00,10:08,6.68,33
ORD014783,DEL0491,27,4.7,RES0237,12.88579,77.493985,12.868558,77.459965,Meal,motorcycle,Rainy,Low,No,Semi-Urban,2024-07-04,11:22,11:32,4.16,29
ORD001531,DEL0206,19,4.4,RES0292,13.063213,77.537802,13.057416,77.522601,Meal,motorcycle,Cloudy,High,No,Urban,2024-08-09,12:21,12:40,1.77,33
ORD013592,DEL0358,19,4.5,RES0091,12.873233,77.589934,12.820817,77.518536,Meal,motorcycle,Cloudy,Medium,No,Metropolitan,2024-01-17,22:41,23:03,9.69,55
ORD015216,DEL0423,56,4.5,RES0180,12.964444,77.597078,12.992467,77.577307,Snack,electric_scooter,Fog,Jam,No,Urban,2024-10-13,20:43,20:55,3.78,51
ORD011541,DEL0139,20,4.9,RES0025,12.918359,77.593036,12.931898,77.59752,Snack,scooter,Cloudy,High,No,Urban,2024-07-30,08:34,08:45,1.58,23
ORD000219,DEL0521,27,3.7,RES0018,12.998198,77.509396,12.993941,77.570305,Meal,motorcycle,Rainy,Medium,No,Semi-Urban,2024-06-12,23:31,23:53,6.62,48
ORD006814,DEL0230,33,4.0,RES0218,12.900485,77.644241,13.010293,77.719204,Meal,motorcycle,Cloudy,Jam,No,Urban,2024-09-21,07:21,07:42,14.67,102
ORD005358,DEL0082,27,3.7,RES0092,13.023685,77.536952,13.055424,77.54489,Meal,scooter,Cloudy,High,No,Metropolitan,2024-12-31,12:22,12:48,3.63,52
ORD015730,DEL0512,22,3.7,RES0030,12.968491,77.530814,12.895311,77.53235,Meal,electric_scooter,Stormy,Low,No,Urban,2024-07-06,12:34,13:00,8.14,67
ORD013044,DEL0502,25,4.6,RES0051,12.866199,77.603814,12.752546,77.588683,Snack,scooter,Cloudy,Medium,No,Urban,2024-06-05,09:50,09:58,12.74,64
ORD001454,DEL0290,26,4.3,RES0003,12.889647,77.711979,12.8394,77.821216,Meal,motorcycle,Cloudy,Jam,Yes,Urban,2024-07-01,19:03,19:26,13.09,99
ORD014933,DEL0413,34,4.1,RES0047,13.063603,77.646464,13.03381,77.619701,Meal,scooter,Stormy,Medium,No,Semi-Urban,2024-07-03,14:53,15:08,4.4,40
ORD004741,DEL0063,46,4.2,RES0159,12.986977,77.659594,13.04792,77.675916,Meal,motorcycle,Fog,Medium,No,Metropolitan,2024-05-21,08:19,08:39,7.0,63
ORD002815,DEL0101,32,4.0,RES0021,13.041362,77.492927,13.013505,77.510871,Meal,motorcycle,Fog,Medium,No,Urban,2024-03-03,07:05,07:21,3.66,37
ORD007887,DEL0285,18,3.7,RES0300,13.02318,77.601982,12.969004,77.613544,Snack,motorcycle,Cloudy,High,No,Semi-Urban,2024-11-23,14:01,14:13,6.15,39
ORD004974,DEL0079,56,4.4,RES0173,12.916578,77.599105,12.943029,77.597434,Drinks,motorcycle,Cloudy,Jam,No,Urban,2024-06-21,09:10,09:18,2.95,33
ORD001183,DEL0368,57,3.8,RES0130,12.905885,77.548916,12.881091,77.657138,Meal,motorcycle,Cloudy,Medium,No,Semi-Urban,2024-11-01,17:09,17:26,12.05,67
ORD010036,DEL0193,18,3.8,RES0068,12.975186,77.521012,13.001276,77.51586,Snack,motorcycle,Fog,Low,No,Semi-Urban,2024-05-04,19:55,20:10,2.95,27
ORD003948,DEL0183,32,4.1,RES0211,13.079421,77.627901,13.126553,77.619671,Snack,bicycle,Cloudy,High,No,Urban,2024-04-07,22:07,22:18,5.32,56
ORD003190,DEL0538,32,4.7,RES0222,12.950555,77.607934,12.989967,77.625777,Meal,motorcycle,Stormy,Low,No,Semi-Urban,2024-07-03,13:27,13:35,4.79,31
ORD014481,DEL0140,33,4.8,RES0011,12.909314,77.557368,12.952323,77.548401,Drinks,scooter,Sunny,High,No,Semi-Urban,2024-08-16,21:49,21:57,4.88,30
ORD019827,DEL0217,59,4.3,RES0253,13.046697,77.520215,13.051616,77.465521,Snack,bicycle,Sunny,Medium,No,Semi-Urban,2024-03-25,14:03,14:10,5.95,49
ORD009624,DEL0374,37,4.6,RES0122,12.969513,77.572184,12.99018,77.556857,Meal,electric_scooter,Rainy,High,No,Urban,2024-09-13,21:41,22:00,2.84,42
ORD001007,DEL0069,28,4.7,RES0179,12.950898,77.577183,12.908642,77.563396,Meal,motorcycle,Fog,Medium,No,Metropolitan,2024-10-14,19:38,20:04,4.93,50
ORD002326,DEL0299,21,3.8,RES0053,12.931106,77.593472,12.977642,77.552278,Drinks,motorcycle,Sunny,Jam,No,Semi-Urban,2024-01-09,19:39,19:45,6.83,46
ORD010646,DEL0291,34,4.0,RES0066,12.96565,77.647705,12.946563,77.687219,Snack,scooter,Sunny,Low,No,Urban,2024-12-18,07:30,07:37,4.78,25
ORD019524,DEL0368,57,3.8,RES0214,12.913373,77.571597,12.900747,77.593549,Meal,motorcycle,Sunny,Medium,No,Semi-Urban,2024-04-12,09:39,10:00,2.76,36
ORD017726,DEL0042,52,4.8,RES0272,12.986014,77.68406,13.024756,77.723323,Snack,motorcycle,Cloudy,High,No,Semi-Urban,2024-12-05,18:00,18:08,6.05,36
ORD005744,DEL0280,44,3.9,RES0028,12.892641,77.580444,12.880495,77.579936,Meal,motorcycle,Rainy,Low,No,Urban,2024-11-29,23:56,00:13,1.35,28
ORD012681,DEL0419,29,4.4,RES0294,12.873472,77.479589,12.947601,77.423358,Snack,scooter,Rainy,Medium,No,Urban,2024-09-29,18:00,18:10,10.25,64
ORD014584,DEL0072,33,3.8,RES0036,12.943138,77.713704,12.887654,77.727635,Snack,motorcycle,Rainy,Medium,No,Semi-Urban,2024-12-21,12:21,12:31,6.35,32
ORD019258,DEL0448,19,4.4,RES0193,13.027357,77.482098,13.054882,77.624311,Drinks,scooter,Rainy,Medium,Yes,Urban,2024-08-22,21:55,22:01,15.71,97
ORD011882,DEL0580,23,4.1,RES0088,12.89695,77.65544,12.840592,77.643851,Drinks,motorcycle,Cloudy,Medium,No,Urban,2024-10-27,13:08,13:18,6.39,33
ORD001028,DEL0165,30,4.0,RES0066,12.96565,77.647705,12.917797,77.616089,Drinks,motorcycle,Sunny,Medium,No,Urban,2024-12-21,08:52,09:01,6.33,32
ORD004070,DEL0007,19,3.7,RES0159,12.986977,77.659594,12.902074,77.688329,Drinks,scooter,Cloudy,High,No,Metropolitan,2024-06-29,14:43,14:53,9.94,53
ORD018573,DEL0195,27,4.1,RES0276,13.069985,77.535987,13.129421,77.461171,Meal,electric_scooter,Sunny,Medium,No,Semi-Urban,2024-03-01,00:09,00:29,10.46,65
ORD014653,DEL0390,18,3.6,RES0222,12.950555,77.607934,12.983632,77.607462,Meal,motorcycle,Rainy,Jam,No,Semi-Urban,2024-06-21,12:24,12:33,3.68,46
ORD006651,DEL0306,26,3.2,RES0014,12.882461,77.51256,12.935967,77.478481,Meal,scooter,Fog,Low,No,Metropolitan,2024-05-11,18:40,19:06,7.0,57
ORD015784,DEL0318,18,3.6,RES0115,13.010492,77.693022,13.038323,77.703592,Snack,motorcycle,Stormy,High,No,Urban,2024-08-30,17:29,17:38,3.3,30
ORD017649,DEL0268,39,3.8,RES0172,12.982396,77.511216,12.984845,77.526234,Meal,motorcycle,Cloudy,High,No,Urban,2024-01-26,21:42,21:59,1.65,30
ORD004623,DEL0555,21,4.0,RES0295,13.061779,77.521585,13.045173,77.502497,Meal,motorcycle,Cloudy,Medium,No,Metropolitan,2024-09-26,20:39,20:58,2.77,34
ORD010386,DEL0591,35,3.7,RES0292,13.063213,77.537802,13.052925,77.559383,Meal,motorcycle,Sunny,Low,No,Urban,2024-04-22,14:45,15:02,2.6,31
ORD013671,DEL0380,32,4.3,RES0236,12.912745,77.592979,12.871424,77.568907,Meal,motorcycle,Sunny,Medium,Yes,Semi-Urban,2024-02-23,20:02,20:21,5.28,44
ORD014047,DEL0144,32,4.2,RES0078,13.069257,77.559814,13.10089,77.502442,Snack,motorcycle,Cloudy,Medium,No,Metropolitan,2024-06-14,17:35,17:49,7.14,48
ORD001963,DEL0015,35,4.2,RES0213,12.986913,77.479257,12.988679,77.489608,Snack,scooter,Fog,Medium,No,Urban,2024-12-28,20:29,20:39,1.14,19
ORD019875,DEL0103,26,4.1,RES0205,13.021099,77.582822,13.040584,77.634039,Drinks,motorcycle,Cloudy,High,No,Urban,2024-11-03,07:25,07:29,5.96,38
ORD001600,DEL0417,35,4.6,RES0078,13.069257,77.559814,13.054112,77.576505,Drinks,motorcycle,Cloudy,Medium,Yes,Metropolitan,2024-09-12,20:20,20:32,2.47,29
ORD009676,DEL0236,29,4.4,RES0093,12.911641,77.532558,12.894899,77.487346,Meal,motorcycle,Rainy,Low,No,Metropolitan,2024-09-03,22:06,22:26,5.24,48
ORD010953,DEL0433,28,3.7,RES0297,12.953701,77.556262,12.982858,77.514887,Meal,scooter,Stormy,Medium,No,Urban,2024-12-18,13:52,14:12,5.53,54
ORD004334,DEL0326,20,4.5,RES0038,12.995666,77.576141,13.004311,77.562275,Meal,bicycle,Sunny,Low,Yes,Urban,2024-12-30,22:50,23:16,1.78,46
ORD012100,DEL0505,42,2.9,RES0129,13.075515,77.649625,13.083509,77.677226,Snack,scooter,Cloudy,High,No,Urban,2024-05-02,21:54,22:04,3.12,33
ORD006956,DEL0441,55,4.1,RES0250,12.978883,77.622063,12.978681,77.583079,Meal,motorcycle,Sunny,Low,No,Semi-Urban,2024-02-05,13:52,14:14,4.22,39
ORD018822,DEL0414,34,4.4,RES0053,12.931106,77.593472,12.994742,77.618275,Snack,motorcycle,Cloudy,High,No,Semi-Urban,2024-07-15,16:43,16:53,7.57,42
ORD008546,DEL0419,29,4.4,RES0044,12.862972,77.583366,12.745577,77.564967,Snack,scooter,Rainy,Low,No,Semi-Urban,2024-06-11,10:01,10:09,13.21,49
ORD015975,DEL0407,30,4.6,RES0290,12.997592,77.59671,12.979442,77.62576,Meal,motorcycle,Sunny,Jam,No,Semi-Urban,2024-04-10,20:32,20:56,3.74,44
ORD013723,DEL0572,22,3.9,RES0143,13.007339,77.616459,13.070061,77.617918,Meal,scooter,Sunny,Medium,No,Urban,2024-01-26,08:39,09:05,6.98,60
ORD000696,DEL0165,30,4.0,RES0122,12.969513,77.572184,12.99001,77.590731,Snack,motorcycle,Cloudy,Low,No,Urban,2024-02-13,15:59,16:03,3.04,14
ORD015631,DEL0306,26,3.2,RES0293,12.901943,77.679678,12.904001,77.699227,Drinks,scooter,Cloudy,Medium,No,Metropolitan,2024-04-07,14:22,14:29,2.13,27
ORD013590,DEL0583,28,4.5,RES0126,13.08244,77.582766,13.071463,77.619949,Snack,electric_scooter,Sunny,Low,No,Urban,2024-11-18,11:32,11:45,4.21,31
ORD014522,DEL0176,26,4.7,RES0200,12.945431,77.588356,12.921675,77.56677,Meal,motorcycle,Sunny,Medium,No,Semi-Urban,2024-06-25,19:32,19:53,3.53,32
ORD019918,DEL0256,27,4.3,RES0230,12.96287,77.590836,12.938745,77.5738,Meal,motorcycle,Stormy,High,No,Urban,2024-09-22,21:19,21:31,3.26,33
ORD009771,DEL0014,45,4.6,RES0116,13.002955,77.518042,12.991352,77.535453,Meal,motorcycle,Cloudy,Medium,No,Semi-Urban,2024-01-12,19:51,20:10,2.29,31
ORD013378,DEL0378,22,2.9,RES0130,12.905885,77.548916,12.892561,77.53571,Meal,scooter,Sunny,Medium,No,Semi-Urban,2024-11-10,12:56,13:14,2.06,28
ORD001035,DEL0395,24,4.6,RES0082,13.085591,77.568854,13.108014,77.592599,Drinks,motorcycle,Sunny,Medium,No,Urban,2024-03-05,18:03,18:10,3.58,22
ORD010843,DEL0586,57,5.0,RES0086,12.957492,77.671773,13.025382,77.711657,Meal,scooter,Sunny,Jam,Yes,Metropolitan,2024-05-18,12:29,12:52,8.7,94
ORD016593,DEL0087,28,3.9,RES0040,12.981811,77.552258,12.977816,77.574305,Meal,motorcycle,Sunny,Medium,Yes,Semi-Urban,2024-01-25,10:26,10:46,2.43,36
ORD010422,DEL0389,35,4.2,RES0053,12.931106,77.593472,12.930973,77.564131,Snack,motorcycle,Rainy,Medium,No,Semi-Urban,2024-11-14,15:39,15:55,3.18,33
ORD010980,DEL0111,23,4.7,RES0146,12.917238,77.691846,12.982369,77.778716,Meal,scooter,Sunny,High,No,Metropolitan,2024-04-10,18:26,18:48,11.88,86
ORD002128,DEL0382,22,4.5,RES0298,13.081766,77.51056,13.063278,77.554192,Meal,scooter,Rainy,Low,No,Semi-Urban,2024-02-07,18:31,18:50,5.15,41
ORD012188,DEL0311,22,5.0,RES0066,12.96565,77.647705,12.959956,77.609366,Meal,motorcycle,Rainy,Jam,No,Urban,2024-02-11,20:33,20:54,4.2,54
ORD005971,DEL0392,34,5.0,RES0056,13.027807,77.621534,12.983142,77.633343,Drinks,motorcycle,Cloudy,Jam,No,Semi-Urban,2024-06-30,21:59,22:02,5.13,30
ORD013226,DEL0056,33,3.9,RES0254,13.063096,77.48939,13.079915,77.53684,Snack,bicycle,Rainy,Low,No,Urban,2024-08-31,20:41,20:51,5.47,61
ORD000994,DEL0531,21,4.2,RES0271,12.901365,77.527019,12.906938,77.493065,Snack,electric_scooter,Rainy,Medium,No,Metropolitan,2024-06-06,21:50,22:02,3.73,40
ORD015085,DEL0182,20,4.0,RES0185,13.042407,77.644826,12.989422,77.830704,Meal,motorcycle,Stormy,High,No,Urban,2024-03-15,12:52,13:07,20.98,147
ORD014846,DEL0525,60,4.4,RES0102,12.934116,77.678518,12.903356,77.658104,Meal,scooter,Fog,Medium,Yes,Semi-Urban,2024-11-25,21:49,22:18,4.07,52
ORD014946,DEL0264,27,3.8,RES0187,13.015414,77.568316,13.02353,77.506751,Snack,motorcycle,Stormy,Medium,No,Urban,2024-01-06,18:03,18:10,6.73,46
ORD000448,DEL0193,18,3.8,RES0124,12.870382,77.612356,12.690625,77.684042,Meal,motorcycle,Rainy,High,No,Urban,2024-07-06,14:50,15:14,21.45,124
ORD017278,DEL0465,26,4.0,RES0200,12.945431,77.588356,12.96475,77.634622,Meal,scooter,Sunny,Jam,No,Semi-Urban,2024-05-04,21:19,21:39,5.45,62
ORD005454,DEL0335,27,4.5,RES0244,12.947616,77.686906,12.928678,77.724633,Meal,motorcycle,Sunny,Medium,No,Semi-Urban,2024-12-28,20:59,21:23,4.6,44
ORD003212,DEL0129,30,4.0,RES0298,13.081766,77.51056,13.195395,77.404669,Drinks,motorcycle,Sunny,Jam,No,Semi-Urban,2024-04-01,19:01,19:09,17.06,110
ORD005562,DEL0200,36,4.2,RES0116,13.002955,77.518042,12.975689,77.487206,Meal,motorcycle,Cloudy,Low,Yes,Semi-Urban,2024-07-08,21:41,22:08,4.51,42
ORD018912,DEL0418,31,5.0,RES0259,13.059304,77.582445,13.004668,77.675932,Buffet,motorcycle,Fog,High,No,Metropolitan,2024-05-03,10:09,10:32,11.81,81
ORD003211,DEL0360,31,3.6,RES0230,12.96287,77.590836,12.953401,77.660229,Buffet,motorcycle,Sunny,Medium,No,Urban,2024-10-25,18:08,18:25,7.59,44
ORD013814,DEL0128,27,4.2,RES0195,12.908304,77.579021,12.902196,77.549574,Snack,motorcycle,Cloudy,Medium,No,Semi-Urban,2024-07-05,11:57,12:04,3.26,22
ORD008967,DEL0237,23,3.1,RES0020,12.934604,77.521875,12.919919,77.55232,Snack,motorcycle,Cloudy,High,No,Metropolitan,2024-11-22,13:13,13:27,3.68,42
ORD017654,DEL0084,26,4.4,RES0066,12.96565,77.647705,12.993561,77.719276,Meal,motorcycle,Sunny,Low,No,Urban,2024-08-31,11:27,11:46,8.35,46
ORD010650,DEL0411,23,3.9,RES0036,12.943138,77.713704,12.98574,77.760918,Snack,scooter,Stormy,Medium,No,Semi-Urban,2024-02-13,12:08,12:23,6.97,56
ORD019715,DEL0249,18,5.0,RES0017,12.937984,77.703524,12.879938,77.631949,Meal,motorcycle,Cloudy,High,No,Metropolitan,2024-03-19,19:55,20:16,10.09,73
ORD003972,DEL0032,54,4.4,RES0213,12.986913,77.479257,12.851985,77.513943,Meal,motorcycle,Sunny,Low,Yes,Urban,2024-04-30,17:20,17:38,15.47,72
ORD010808,DEL0451,27,4.3,RES0209,13.013818,77.681002,13.005027,77.660911,Buffet,scooter,Sunny,Medium,No,Urban,2024-02-11,09:56,10:22,2.39,44
ORD019545,DEL0286,28,3.8,RES0130,12.905885,77.548916,12.864169,77.518036,Snack,scooter,Stormy,Low,No,Semi-Urban,2024-05-09,13:48,13:58,5.72,46
ORD011367,DEL0595,23,3.5,RES0204,12.956609,77.491661,12.942716,77.456388,Drinks,motorcycle,Cloudy,High,No,Semi-Urban,2024-05-09,13:55,14:03,4.12,27
ORD003779,DEL0338,34,4.7,RES0109,12.872814,77.513372,12.701801,77.496185,Drinks,scooter,Sunny,Medium,No,Semi-Urban,2024-01-22,13:41,13:48,19.11,69
ORD013080,DEL0307,22,3.7,RES0203,13.04463,77.692447,13.130784,77.67985,Snack,motorcycle,Rainy,Low,No,Urban,2024-06-26,23:40,23:55,9.68,50
ORD006353,DEL0219,31,4.1,RES0266,12.954921,77.638886,13.055418,77.679984,Meal,scooter,Fog,Medium,No,Urban,2024-11-09,17:26,17:41,12.03,68
ORD004008,DEL0568,51,4.2,RES0205,13.021099,77.582822,13.027416,77.620828,Snack,motorcycle,Sunny,High,No,Urban,2024-02-27,18:18,18:26,4.18,33
ORD003777,DEL0145,29,4.2,RES0253,13.046697,77.520215,13.066255,77.469751,Snack,motorcycle,Cloudy,Low,No,Semi-Urban,2024-10-29,22:23,22:33,5.88,30
ORD017148,DEL0198,34,4.3,RES0234,13.055454,77.50674,13.023836,77.464803,Meal,scooter,Sunny,Jam,No,Urban,2024-07-17,12:40,13:00,5.74,59
ORD014105,DEL0004,27,4.8,RES0173,12.916578,77.599105,13.008602,77.540252,Snack,motorcycle,Sunny,Medium,No,Urban,2024-04-07,12:19,12:30,12.06,49
ORD019146,DEL0045,28,4.2,RES0213,12.986913,77.479257,13.021699,77.454602,Meal,motorcycle,Sunny,Low,No,Urban,2024-04-06,10:08,10:28,4.7,37
ORD019184,DEL0498,34,4.3,RES0172,12.982396,77.511216,12.960098,77.529344,Meal,scooter,Rainy,Low,No,Urban,2024-02-26,10:19,10:32,3.16,29
ORD008427,DEL0452,21,4.3,RES0239,12.975406,77.607166,13.024846,77.611804,Drinks,scooter,Fog,High,No,Metropolitan,2024-02-01,06:45,06:48,5.52,44
ORD004338,DEL0453,31,5.0,RES0188,13.005854,77.601554,13.053186,77.604848,Meal,motorcycle,Cloudy,High,No,Urban,2024-02-17,13:58,14:12,5.28,38
ORD008118,DEL0118,19,4.3,RES0141,12.986559,77.527225,12.998692,77.529318,Snack,scooter,Cloudy,Low,No,Urban,2024-05-03,16:08,16:11,1.37,12
ORD007764,DEL0065,30,4.7,RES0234,13.055454,77.50674,13.073216,77.47646,Snack,motorcycle,Sunny,Medium,Yes,Urban,2024-11-02,15:25,15:32,3.83,31
ORD014013,DEL0044,22,4.1,RES0122,12.969513,77.572184,12.947641,77.631714,Snack,motorcycle,Cloudy,Low,No,Urban,2024-10-30,08:02,08:11,6.89,35
ORD013652,DEL0490,21,3.9,RES0060,13.032647,77.484921,13.032628,77.512723,Meal,motorcycle,Rainy,Medium,No,Metropolitan,2024-07-16,18:02,18:16,3.01,34
ORD000439,DEL0502,25,4.6,RES0156,13.04316,77.599059,13.116671,77.590902,Meal,scooter,Rainy,Low,No,Urban,2024-03-16,23:04,23:21,8.22,52
ORD016534,DEL0413,34,4.1,RES0155,13.076164,77.694278,13.072445,77.605315,Meal,scooter,Rainy,High,No,Metropolitan,2024-11-09,14:09,14:32,9.64,86
ORD003270,DEL0104,26,4.7,RES0099,12.959777,77.60592,12.937712,77.602795,Snack,motorcycle,Sunny,Medium,No,Semi-Urban,2024-07-25,17:21,17:28,2.48,21
ORD003753,DEL0381,20,4.1,RES0229,13.022693,77.642462,13.050805,77.65494,Meal,motorcycle,Cloudy,Low,No,Metropolitan,2024-06-15,22:29,22:47,3.41,31
ORD009114,DEL0572,22,3.9,RES0061,13.056123,77.610236,13.040972,77.508833,Meal,scooter,Cloudy,Low,No,Urban,2024-10-21,18:16,18:32,11.11,52
ORD009441,DEL0095,19,3.8,RES0060,13.032647,77.484921,13.038956,77.43439,Snack,electric_scooter,Sunny,High,No,Metropolitan,2024-10-29,12:46,12:58,5.52,53
ORD001740,DEL0208,31,4.4,RES0184,12.861186,77.680033,12.869578,77.660496,Meal,scooter,Sunny,High,No,Urban,2024-07-18,20:41,20:56,2.31,33
ORD000607,DEL0172,26,4.3,RES0193,13.027357,77.482098,12.983875,77.463686,Drinks,electric_scooter,Rainy,High,No,Urban,2024-09-20,20:07,20:13,5.23,45
ORD017086,DEL0543,28,4.5,RES0060,13.032647,77.484921,13.062601,77.500657,Snack,electric_scooter,Rainy,Medium,No,Metropolitan,2024-12-01,22:10,22:14,3.74,34
ORD012999,DEL0502,25,4.6,RES0147,12.855339,77.54541,12.850448,77.437802,Snack,scooter,Rainy,Medium,No,Metropolitan,2024-06-05,03:38,03:52,11.68,69
ORD016973,DEL0090,33,4.6,RES0236,12.912745,77.592979,12.879768,77.636489,Drinks,motorcycle,Fog,Medium,No,Semi-Urban,2024-05-20,19:15,19:24,5.97,35
ORD018367,DEL0200,36,4.2,RES0238,13.010796,77.648283,13.01791,77.613743,Snack,motorcycle,Sunny,High,No,Metropolitan,2024-03-31,20:38,20:49,3.82,34
ORD015684,DEL0043,29,4.6,RES0104,12.918355,77.703421,12.880641,77.697966,Drinks,motorcycle,Sunny,Medium,No,Urban,2024-11-30,12:23,12:27,4.24,26
ORD011038,DEL0562,24,4.4,RES0093,12.911641,77.532558,12.920974,77.556229,Meal,scooter,Fog,Medium,No,Metropolitan,2024-12-17,15:45,16:04,2.77,35
ORD005747,DEL0185,44,3.8,RES0164,12.918758,77.682244,12.897219,77.657093,Meal,motorcycle,Sunny,High,No,Urban,2024-04-22,21:12,21:32,3.63,42
ORD011585,DEL0560,26,3.8,RES0049,12.989373,77.679048,13.005678,77.611716,Meal,electric_scooter,Cloudy,Medium,No,Metropolitan,2024-12-08,21:01,21:14,7.52,56
ORD006271,DEL0365,29,4.1,RES0286,12.873972,77.631874,12.940587,77.638377,Meal,motorcycle,Stormy,Medium,No,Urban,2024-07-29,18:51,19:14,7.44,65
ORD008852,DEL0357,23,4.0,RES0212,12.92939,77.534331,12.91496,77.495529,Meal,scooter,Cloudy,Low,No,Urban,2024-11-23,16:18,16:32,4.5,33
ORD018409,DEL0402,55,4.3,RES0018,12.998198,77.509396,12.862776,77.601393,Meal,scooter,Cloudy,Low,No,Semi-Urban,2024-11-13,16:56,17:15,18.06,83
ORD006601,DEL0595,23,3.5,RES0166,13.053427,77.590652,13.070399,77.585571,Snack,motorcycle,Sunny,High,No,Semi-Urban,2024-10-06,12:46,12:59,1.97,24
ORD011379,DEL0236,29,4.4,RES0062,13.051368,77.606183,13.110882,77.648842,Meal,motorcycle,Fog,Medium,No,Semi-Urban,2024-03-06,16:06,16:24,8.07,54
ORD017190,DEL0590,22,4.7,RES0150,12.89437,77.548001,12.894636,77.624758,Meal,motorcycle,Cloudy,Medium,No,Urban,2024-03-18,16:13,16:36,8.32,66
ORD011606,DEL0229,39,3.7,RES0031,12.895873,77.563899,12.951969,77.583951,Drinks,motorcycle,Cloudy,High,No,Metropolitan,2024-08-01,20:14,20:24,6.61,52
ORD006910,DEL0360,31,3.6,RES0164,12.918758,77.682244,12.953851,77.707633,Drinks,motorcycle,Cloudy,Medium,No,Urban,2024-04-17,11:32,11:37,4.77,29
ORD000739,DEL0369,32,3.8,RES0219,12.878365,77.713561,12.902705,77.71205,Meal,scooter,Rainy,Medium,No,Semi-Urban,2024-08-24,19:25,19:48,2.71,36
ORD001995,DEL0550,24,4.8,RES0298,13.081766,77.51056,13.063374,77.540489,Meal,motorcycle,Cloudy,Jam,No,Semi-Urban,2024-06-04,10:34,10:53,3.83,48
ORD000120,DEL0282,29,3.5,RES0065,13.075924,77.495657,13.081748,77.54654,Meal,motorcycle,Sunny,High,No,Metropolitan,2024-01-04,18:58,19:08,5.55,42
ORD014927,DEL0066,24,4.8,RES0197,12.953364,77.534597,12.943815,77.561978,Snack,motorcycle,Cloudy,Low,No,Metropolitan,2024-09-28,13:54,14:03,3.15,24
ORD017610,DEL0055,25,4.3,RES0278,12.992266,77.482462,13.00384,77.511391,Snack,motorcycle,Sunny,Low,No,Urban,2024-11-19,16:31,16:40,3.39,22
ORD017437,DEL0266,35,5.0,RES0285,12.971047,77.60348,12.894868,77.523054,Meal,motorcycle,Sunny,High,No,Urban,2024-01-26,16:52,17:04,12.15,62
ORD018554,DEL0145,29,4.2,RES0238,13.010796,77.648283,13.039511,77.654025,Meal,motorcycle,Rainy,High,No,Metropolitan,2024-08-09,20:15,20:30,3.25,41
ORD007294,DEL0138,29,5.0,RES0289,12.897412,77.588908,12.849972,77.624549,Snack,motorcycle,Cloudy,High,No,Metropolitan,2024-07-09,14:35,14:48,6.54,53
ORD003406,DEL0033,34,3.8,RES0270,13.073106,77.511275,13.088725,77.499209,Drinks,motorcycle,Sunny,High,No,Metropolitan,2024-03-22,12:56,13:04,2.17,23
ORD010538,DEL0135,20,3.8,RES0064,13.044032,77.583265,13.028439,77.596736,Meal,motorcycle,Cloudy,Medium,No,Metropolitan,2024-05-11,13:06,13:31,2.27,40
ORD018467,DEL0296,32,4.4,RES0291,12.894275,77.646921,12.927582,77.636859,Meal,motorcycle,Cloudy,High,No,Urban,2024-12-27,12:45,13:00,3.86,35
ORD008627,DEL0392,34,5.0,RES0137,12.904774,77.498828,12.921537,77.72358,Meal,motorcycle,Cloudy,Medium,No,Urban,2024-04-24,22:59,23:16,24.43,90
ORD003482,DEL0168,26,4.3,RES0067,13.004789,77.527807,12.94648,77.461879,Snack,electric_scooter,Cloudy,Low,No,Metropolitan,2024-09-07,10:52,11:03,9.65,47
ORD017819,DEL0094,18,4.2,RES0075,13.021909,77.589807,13.017836,77.618827,Snack,scooter,Rainy,Low,No,Metropolitan,2024-09-22,11:54,12:06,3.18,35
ORD000128,DEL0180,34,4.8,RES0228,13.071104,77.505173,13.066811,77.528747,Buffet,motorcycle,Sunny,Medium,No,Semi-Urban,2024-12-27,10:22,10:51,2.6,43
ORD013427,DEL0563,29,4.7,RES0079,12.989246,77.62829,12.978057,77.610661,Meal,motorcycle,Sunny,Medium,No,Urban,2024-11-05,14:55,15:17,2.28,35
ORD010611,DEL0050,31,4.3,RES0250,12.978883,77.622063,12.96125,77.651147,Meal,scooter,Fog,Low,Yes,Semi-Urban,2024-08-29,07:34,07:58,3.71,41
ORD015274,DEL0440,30,4.1,RES0266,12.954921,77.638886,12.903272,77.668715,Meal,scooter,Sunny,High,No,Urban,2024-10-08,14:59,15:17,6.59,52
ORD019581,DEL0275,30,4.8,RES0300,13.02318,77.601982,12.995563,77.55328,Meal,scooter,Rainy,Low,No,Semi-Urban,2024-04-08,16:53,17:06,6.1,41
ORD019286,DEL0289,30,3.9,RES0278,12.992266,77.482462,12.989048,77.498272,Meal,motorcycle,Sunny,Low,No,Urban,2024-03-21,13:05,13:24,1.75,29
ORD012823,DEL0186,28,5.0,RES0070,12.955126,77.691169,12.999886,77.778233,Snack,motorcycle,Cloudy,Low,No,Urban,2024-05-05,19:50,19:58,10.67,32
ORD003074,DEL0335,27,4.5,RES0158,12.884614,77.673258,12.880533,77.708727,Snack,motorcycle,Sunny,Medium,No,Urban,2024-06-15,23:31,23:40,3.87,26
ORD002381,DEL0271,43,3.9,RES0198,12.918248,77.603679,12.936319,77.505677,Snack,scooter,Cloudy,High,No,Metropolitan,2024-10-20,21:13,21:24,10.81,83
ORD002484,DEL0522,25,3.9,RES0111,12.865619,77.503107,12.842625,77.520634,Snack,motorcycle,Cloudy,Medium,No,Metropolitan,2024-08-10,20:07,20:15,3.19,50
ORD003462,DEL0107,32,4.1,RES0081,12.89175,77.504365,12.916478,77.501529,Snack,bicycle,Stormy,Medium,No,Metropolitan,2024-05-03,08:25,08:37,2.77,55
ORD015232,DEL0386,21,4.1,RES0026,12.8644,77.631036,12.859015,77.726803,Snack,scooter,Sunny,Jam,No,Metropolitan,2024-10-20,22:28,22:37,10.4,72
ORD007459,DEL0013,26,4.1,RES0295,13.061779,77.521585,13.096594,77.502989,Snack,motorcycle,Sunny,Medium,No,Metropolitan,2024-11-12,08:19,08:29,4.36,32
ORD015885,DEL0234,30,5.0,RES0250,12.978883,77.622063,12.945613,77.640504,Drinks,motorcycle,Rainy,High,No,Semi-Urban,2024-12-10,13:50,14:00,4.2,33
ORD006886,DEL0148,30,4.3,RES0292,13.063213,77.537802,13.098573,77.591227,Meal,bicycle,Stormy,Low,No,Urban,2024-10-31,17:36,17:51,7.0,87
ORD015098,DEL0450,48,4.1,RES0290,12.997592,77.59671,12.967794,77.634565,Snack,scooter,Rainy,Medium,No,Semi-Urban,2024-07-23,14:09,14:24,5.27,44
ORD018685,DEL0452,21,4.3,RES0287,12.86913,77.662523,12.834133,77.870869,Meal,scooter,Fog,Medium,No,Urban,2024-09-21,21:41,22:01,22.92,129
ORD014971,DEL0351,36,4.3,RES0053,12.931106,77.593472,12.914046,77.587952,Drinks,electric_scooter,Stormy,Medium,No,Semi-Urban,2024-08-17,23:09,23:15,1.99,22
ORD000804,DEL0017,28,4.2,RES0276,13.069985,77.535987,13.008205,77.578925,Meal,motorcycle,Sunny,Low,No,Semi-Urban,2024-09-21,18:12,18:32,8.3,46
ORD000475,DEL0413,34,4.1,RES0223,12.852063,77.621422,12.840772,77.558045,Meal,scooter,Cloudy,Medium,No,Semi-Urban,2024-05-07,16:39,16:57,6.98,47
ORD008609,DEL0127,37,4.6,RES0113,12.974613,77.542116,12.975524,77.563438,Snack,bicycle,Fog,High,No,Semi-Urban,2024-10-21,21:55,22:07,2.31,33
ORD006483,DEL0405,24,4.2,RES0058,13.033609,77.515968,13.031823,77.572533,Buffet,motorcycle,Rainy,High,No,Metropolitan,2024-08-09,13:28,14:04,6.13,86
ORD018288,DEL0585,37,5.0,RES0269,12.93464,77.554871,12.977698,77.57055,Meal,electric_scooter,Rainy,High,No,Metropolitan,2024-02-11,19:16,19:32,5.08,54
ORD005558,DEL0110,22,3.3,RES0077,13.076307,77.597211,13.107341,77.594079,Meal,scooter,Rainy,Jam,No,Urban,2024-09-08,13:29,13:44,3.47,47
ORD013949,DEL0065,30,4.7,RES0081,12.89175,77.504365,12.899118,77.582613,Drinks,motorcycle,Rainy,Medium,No,Metropolitan,2024-10-01,20:36,20:48,8.52,58
ORD008892,DEL0470,32,3.9,RES0077,13.076307,77.597211,13.07549,77.576759,Snack,motorcycle,Sunny,Low,No,Urban,2024-05-15,10:24,10:27,2.22,18
ORD012522,DEL0309,50,4.4,RES0067,13.004789,77.527807,13.012532,77.419156,Meal,scooter,Rainy,Low,No,Metropolitan,2024-12-27,18:49,19:14,11.8,89
ORD004449,DEL0265,26,4.5,RES0214,12.913373,77.571597,12.930989,77.57937,Meal,motorcycle,Sunny,Jam,No,Semi-Urban,2024-10-18,05:21,05:38,2.13,31
ORD000485,DEL0560,26,3.8,RES0206,12.871146,77.524369,12.862122,77.538928,Drinks,electric_scooter,Cloudy,High,Yes,Metropolitan,2024-10-07,12:46,13:24,1.87,56
ORD010423,DEL0387,22,4.7,RES0003,12.889647,77.711979,12.898264,77.705286,Snack,motorcycle,Sunny,Medium,No,Urban,2024-03-01,14:58,15:07,1.2,20
ORD019412,DEL0571,28,3.0,RES0073,13.082453,77.631071,13.064808,77.682342,Drinks,scooter,Sunny,High,No,Urban,2024-01-08,20:08,20:15,5.89,36
ORD014901,DEL0049,31,4.2,RES0229,13.022693,77.642462,12.989181,77.671432,Snack,bicycle,Rainy,Medium,No,Metropolitan,2024-07-23,15:04,15:14,4.87,68
ORD011227,DEL0501,32,4.7,RES0054,13.012422,77.511192,13.015349,77.538826,Snack,motorcycle,Stormy,Medium,No,Urban,2024-01-06,22:50,22:59,3.01,27
ORD019133,DEL0410,36,3.5,RES0039,12.873742,77.493963,12.87886,77.508635,Meal,motorcycle,Stormy,Medium,No,Urban,2024-10-28,15:10,15:24,1.69,29
ORD007921,DEL0509,40,3.9,RES0157,12.987861,77.551789,12.953211,77.579816,Meal,electric_scooter,Fog,Low,No,Urban,2024-11-29,09:42,09:56,4.91,40
ORD007912,DEL0505,42,2.9,RES0193,13.027357,77.482098,13.0205,77.446317,Buffet,scooter,Rainy,Medium,Yes,Urban,2024-12-22,18:24,18:47,3.95,55
ORD002767,DEL0549,24,4.8,RES0053,12.931106,77.593472,12.922806,77.612835,Meal,scooter,Sunny,Jam,No,Semi-Urban,2024-07-20,20:20,20:40,2.29,35
ORD014866,DEL0203,35,4.3,RES0044,12.862972,77.583366,12.878474,77.59752,Snack,motorcycle,Cloudy,High,No,Semi-Urban,2024-02-24,13:00,13:12,2.31,25
ORD016507,DEL0027,42,4.1,RES0221,13.09137,77.663973,13.08149,77.623947,Snack,motorcycle,Sunny,Medium,No,Semi-Urban,2024-02-14,17:55,18:04,4.47,25
ORD011689,DEL0307,22,3.7,RES0259,13.059304,77.582445,13.000856,77.359607,Drinks,motorcycle,Stormy,High,No,Metropolitan,2024-04-03,14:00,14:08,25.0,189
ORD004038,DEL0157,22,4.4,RES0288,12.896158,77.673349,12.850129,77.669012,Snack,motorcycle,Rainy,High,No,Urban,2024-11-14,10:16,10:26,5.14,43
ORD000857,DEL0409,33,3.2,RES0297,12.953701,77.556262,12.949564,77.633455,Meal,motorcycle,Sunny,High,No,Urban,2024-12-09,21:59,22:22,8.38,66
ORD016137,DEL0438,18,3.9,RES0030,12.968491,77.530814,13.00773,77.51236,Meal,motorcycle,Stormy,Low,No,Urban,2024-09-18,22:44,23:05,4.8,45
ORD008831,DEL0574,25,3.9,RES0135,12.935361,77.492179,12.952577,77.536588,Meal,scooter,Stormy,High,No,Metropolitan,2024-12-05,21:27,21:49,5.18,66
ORD008804,DEL0349,53,4.1,RES0273,12.980388,77.619369,12.981452,77.645967,Meal,scooter,Sunny,Low,No,Metropolitan,2024-11-06,11:44,12:02,2.88,37
ORD011839,DEL0430,30,4.2,RES0215,13.000427,77.603357,12.970309,77.570923,Meal,scooter,Sunny,Low,Yes,Metropolitan,2024-10-02,22:48,23:07,4.85,41
ORD003827,DEL0216,25,4.9,RES0084,13.025537,77.67784,13.011097,77.66395,Snack,motorcycle,Sunny,High,No,Urban,2024-10-21,20:42,20:57,2.2,36
ORD018128,DEL0501,32,4.7,RES0255,12.982884,77.582314,12.968072,77.675807,Meal,motorcycle,Sunny,Medium,No,Metropolitan,2024-10-05,14:21,14:48,10.26,66
ORD005996,DEL0549,24,4.8,RES0224,13.080303,77.711205,13.072084,77.697262,Drinks,scooter,Cloudy,High,No,Urban,2024-03-22,12:41,12:51,1.77,26
ORD000504,DEL0265,26,4.5,RES0017,12.937984,77.703524,12.913607,77.682571,Drinks,motorcycle,Sunny,Low,No,Metropolitan,2024-04-08,17:47,17:56,3.54,24
ORD002960,DEL0260,26,3.4,RES0287,12.86913,77.662523,12.814651,77.658204,Snack,scooter,Rainy,Medium,No,Urban,2024-06-12,21:59,22:11,6.08,51
ORD007989,DEL0150,42,4.3,RES0238,13.010796,77.648283,12.98629,77.606323,Meal,scooter,Sunny,High,No,Metropolitan,2024-04-12,12:24,12:41,5.3,49
ORD009641,DEL0470,32,3.9,RES0218,12.900485,77.644241,12.883072,77.639754,Meal,motorcycle,Rainy,Low,No,Urban,2024-07-30,14:50,15:15,2.0,38
ORD008110,DEL0050,31,4.3,RES0225,12.856395,77.631557,12.81433,77.602564,Buffet,scooter,Fog,Jam,Yes,Metropolitan,2024-05-17,08:48,09:22,5.64,105
ORD005383,DEL0420,27,4.4,RES0186,12.919515,77.66557,12.905196,77.632265,Meal,motorcycle,Cloudy,Medium,No,Urban,2024-12-12,19:52,20:15,3.95,40
ORD013952,DEL0331,55,4.8,RES0191,13.081784,77.58846,13.097961,77.501611,Meal,motorcycle,Cloudy,Medium,Yes,Urban,2024-08-22,14:51,15:13,9.58,60
ORD013139,DEL0096,28,3.5,RES0144,13.038407,77.623831,12.998685,77.51701,Meal,motorcycle,Cloudy,High,No,Metropolitan,2024-08-18,12:56,13:17,12.39,86
ORD017988,DEL0017,28,4.2,RES0136,13.019155,77.517352,13.022623,77.493822,Meal,motorcycle,Cloudy,Low,No,Semi-Urban,2024-02-10,01:35,01:48,2.58,22
ORD013436,DEL0052,32,4.2,RES0260,12.94433,77.501836,12.917099,77.526578,Meal,scooter,Sunny,Medium,No,Urban,2024-04-23,10:45,10:58,4.04,34
ORD007726,DEL0398,46,4.1,RES0109,12.872814,77.513372,12.800259,77.485326,Snack,scooter,Cloudy,Medium,No,Semi-Urban,2024-07-26,19:47,20:01,8.62,39
ORD012034,DEL0018,24,4.1,RES0259,13.059304,77.582445,13.130614,77.62198,Snack,bicycle,Sunny,High,No,Metropolitan,2024-03-19,16:00,16:10,9.01,78
ORD008130,DEL0350,23,4.7,RES0085,13.042591,77.565522,13.018794,77.591382,Meal,electric_scooter,Cloudy,High,No,Semi-Urban,2024-11-20,17:54,18:04,3.85,32
ORD012788,DEL0303,31,4.0,RES0169,12.980803,77.687489,12.960812,77.586284,Meal,scooter,Sunny,High,No,Semi-Urban,2024-05-11,12:50,13:03,11.19,62
ORD008293,DEL0261,25,4.5,RES0019,12.922701,77.599853,12.908119,77.577775,Buffet,motorcycle,Cloudy,High,No,Metropolitan,2024-01-06,20:06,20:34,2.89,52
ORD018322,DEL0360,31,3.6,RES0219,12.878365,77.713561,12.878644,77.656303,Meal,motorcycle,Rainy,High,No,Semi-Urban,2024-06-07,12:46,13:08,6.21,55
ORD013061,DEL0592,32,4.4,RES0083,12.912804,77.549798,12.866505,77.525043,Snack,scooter,Sunny,High,No,Urban,2024-02-29,13:06,13:22,5.81,46
ORD003296,DEL0073,28,4.1,RES0045,12.857547,77.556119,12.851433,77.533087,Drinks,scooter,Sunny,High,No,Semi-Urban,2024-11-28,05:41,05:45,2.59,20
ORD008958,DEL0261,25,4.5,RES0174,12.930282,77.589626,12.929229,77.566557,Drinks,motorcycle,Sunny,High,No,Urban,2024-09-14,20:26,20:35,2.5,24
ORD000116,DEL0064,30,4.3,RES0143,13.007339,77.616459,13.02375,77.622489,Meal,scooter,Cloudy,Medium,No,Urban,2024-11-13,09:38,09:59,1.94,35
ORD005648,DEL0004,27,4.8,RES0010,13.014668,77.540324,13.210425,77.462523,Snack,motorcycle,Sunny,Jam,No,Metropolitan,2024-04-05,19:44,19:52,23.34,143
ORD012625,DEL0353,32,3.7,RES0254,13.063096,77.48939,13.033199,77.469614,Meal,scooter,Cloudy,High,No,Urban,2024-06-16,19:33,19:45,3.95,40
ORD014748,DEL0268,39,3.8,RES0203,13.04463,77.692447,13.0076,77.696919,Meal,motorcycle,Sunny,Low,No,Urban,2024-02-20,10:46,11:06,4.15,36
ORD007182,DEL0185,44,3.8,RES0268,13.059642,77.477983,13.095777,77.496432,Snack,motorcycle,Sunny,Medium,No,Semi-Urban,2024-04-15,12:18,12:34,4.49,33
ORD001711,DEL0080,31,3.7,RES0093,12.911641,77.532558,12.890572,77.494522,Meal,motorcycle,Cloudy,Jam,No,Metropolitan,2024-11-30,13:39,13:58,4.74,62
ORD015958,DEL0408,30,4.5,RES0161,12.955012,77.658886,12.977494,77.64884,Snack,scooter,Sunny,Medium,No,Urban,2024-11-14,15:20,15:31,2.73,26
ORD005818,DEL0162,50,3.8,RES0129,13.075515,77.649625,13.099678,77.640603,Snack,scooter,Sunny,High,No,Urban,2024-11-10,19:30,19:38,2.86,25
ORD015279,DEL0182,20,4.0,RES0186,12.919515,77.66557,12.836141,77.640754,Snack,motorcycle,Cloudy,Medium,No,Urban,2024-07-04,16:48,16:56,9.65,44
ORD002481,DEL0076,28,3.9,RES0001,12.927837,77.491145,12.941783,77.480964,Meal,bicycle,Sunny,High,Yes,Metropolitan,2024-04-16,12:08,12:32,1.9,51
ORD010251,DEL0574,25,3.9,RES0188,13.005854,77.601554,12.995538,77.628512,Meal,scooter,Rainy,High,No,Urban,2024-06-16,21:37,21:47,3.14,33
ORD004033,DEL0184,30,4.8,RES0029,12.953771,77.614099,12.954942,77.608244,Snack,motorcycle,Rainy,Medium,No,Semi-Urban,2024-09-06,18:54,19:00,0.65,12
ORD013348,DEL0435,34,4.8,RES0253,13.046697,77.520215,13.140063,77.458615,Meal,motorcycle,Cloudy,High,No,Semi-Urban,2024-08-14,14:42,15:01,12.34,62
ORD016531,DEL0401,26,4.2,RES0039,12.873742,77.493963,12.946021,77.59338,Drinks,bicycle,Cloudy,High,No,Urban,2024-07-30,21:06,21:16,13.44,138
ORD009515,DEL0294,29,3.3,RES0225,12.856395,77.631557,12.841029,77.677459,Drinks,scooter,Fog,Medium,Yes,Metropolitan,2024-07-08,09:04,09:10,5.26,48
ORD004611,DEL0303,31,4.0,RES0050,13.015833,77.532435,13.051495,77.634911,Snack,scooter,Sunny,Medium,Yes,Urban,2024-04-30,10:26,10:38,11.79,68
ORD005118,DEL0558,25,4.2,RES0057,13.059823,77.537909,13.037142,77.561961,Snack,motorcycle,Rainy,High,No,Semi-Urban,2024-06-04,21:02,21:23,3.63,42
ORD016947,DEL0429,19,3.5,RES0259,13.059304,77.582445,13.062611,77.624951,Buffet,electric_scooter,Sunny,Medium,No,Metropolitan,2024-07-02,16:39,17:04,4.62,55
ORD006386,DEL0493,27,3.7,RES0265,13.010111,77.708815,13.044374,77.709751,Snack,motorcycle,Sunny,Medium,No,Metropolitan,2024-02-27,12:34,12:38,3.81,22
ORD015140,DEL0196,19,4.3,RES0029,12.953771,77.614099,13.096467,77.518161,Meal,motorcycle,Sunny,High,No,Semi-Urban,2024-01-24,08:55,09:10,18.97,90
ORD006272,DEL0593,28,4.7,RES0084,13.025537,77.67784,13.005605,77.67878,Meal,motorcycle,Sunny,Medium,No,Urban,2024-09-06,19:13,19:43,2.22,42
ORD000342,DEL0034,30,3.7,RES0058,13.033609,77.515968,12.978414,77.460908,Drinks,motorcycle,Sunny,Low,No,Metropolitan,2024-11-10,22:59,23:07,8.56,41
ORD000829,DEL0482,28,4.4,RES0099,12.959777,77.60592,12.947098,77.616915,Meal,scooter,Sunny,High,Yes,Semi-Urban,2024-04-16,14:03,14:36,1.85,48
ORD012530,DEL0259,36,3.9,RES0085,13.042591,77.565522,13.09585,77.509715,Meal,scooter,Sunny,Low,No,Semi-Urban,2024-01-21,21:11,21:24,8.46,35
ORD011552,DEL0374,37,4.6,RES0236,12.912745,77.592979,12.925755,77.588358,Snack,electric_scooter,Cloudy,Medium,No,Semi-Urban,2024-12-24,19:23,19:28,1.53,14
ORD009528,DEL0438,18,3.9,RES0237,12.88579,77.493985,12.908366,77.456193,Snack,motorcycle,Rainy,High,No,Semi-Urban,2024-03-30,12:25,12:33,4.8,37
ORD011837,DEL0075,26,3.7,RES0154,13.0027,77.64929,12.96626,77.556844,Meal,scooter,Rainy,Low,No,Urban,2024-07-27,21:09,21:30,10.81,62
ORD000314,DEL0402,55,4.3,RES0189,13.008231,77.482636,13.036165,77.317709,Snack,scooter,Stormy,Jam,No,Metropolitan,2024-04-26,20:40,20:47,18.14,195
ORD011698,DEL0048,45,4.6,RES0089,13.057159,77.507068,12.973238,77.457679,Drinks,motorcycle,Sunny,High,No,Semi-Urban,2024-01-26,21:49,21:55,10.76,53
ORD010052,DEL0499,29,3.6,RES0004,12.951693,77.70186,12.962964,77.655539,Snack,motorcycle,Sunny,Low,No,Semi-Urban,2024-09-11,14:41,14:46,5.17,23
ORD012864,DEL0430,30,4.2,RES0221,13.09137,77.663973,13.078188,77.632072,Meal,scooter,Sunny,High,Yes,Semi-Urban,2024-03-29,12:26,12:44,3.75,44
ORD016071,DEL0521,27,3.7,RES0147,12.855339,77.54541,12.84141,77.52843,Drinks,motorcycle,Cloudy,Low,No,Metropolitan,2024-02-22,11:19,11:30,2.41,26
ORD017137,DEL0552,26,3.6,RES0049,12.989373,77.679048,13.026434,77.689064,Meal,motorcycle,Cloudy,Low,No,Metropolitan,2024-11-17,18:19,18:32,4.26,34
ORD018262,DEL0470,32,3.9,RES0137,12.904774,77.498828,12.885564,77.520325,Snack,motorcycle,Cloudy,Jam,No,Urban,2024-12-05,14:15,14:25,3.16,51
ORD004910,DEL0429,19,3.5,RES0012,12.952355,77.496286,12.950011,77.519236,Drinks,electric_scooter,Rainy,Low,No,Semi-Urban,2024-07-29,14:09,14:16,2.5,23
ORD017797,DEL0372,26,4.4,RES0113,12.974613,77.542116,12.983705,77.585933,Buffet,scooter,Cloudy,High,No,Semi-Urban,2024-05-12,20:16,20:46,4.85,51
ORD008874,DEL0553,35,3.8,RES0171,13.025104,77.713761,13.028694,77.720465,Meal,motorcycle,Sunny,High,No,Semi-Urban,2024-02-24,21:06,21:29,0.83,29
ORD018286,DEL0482,28,4.4,RES0191,13.081784,77.58846,13.093496,77.619948,Drinks,scooter,Stormy,Low,No,Urban,2024-06-02,07:13,07:17,3.65,25
ORD000410,DEL0533,21,4.5,RES0104,12.918355,77.703421,12.934081,77.697583,Meal,motorcycle,Sunny,Low,No,Urban,2024-04-28,10:30,10:43,1.86,26
ORD003796,DEL0556,21,3.9,RES0096,12.899665,77.646805,12.973876,77.603935,Meal,motorcycle,Sunny,Low,No,Metropolitan,2024-03-03,13:13,13:43,9.47,69
ORD002704,DEL0384,30,4.2,RES0059,13.089739,77.697744,13.133239,77.729307,Meal,motorcycle,Sunny,Jam,No,Urban,2024-12-05,14:14,14:31,5.92,55
ORD010343,DEL0581,42,3.2,RES0212,12.92939,77.534331,12.897266,77.519889,Drinks,scooter,Rainy,Medium,No,Urban,2024-03-26,10:54,10:57,3.9,31
ORD004982,DEL0317,46,4.5,RES0043,12.923459,77.497456,12.869243,77.522859,Drinks,electric_scooter,Sunny,Low,No,Semi-Urban,2024-10-08,22:14,22:17,6.63,27
ORD008583,DEL0580,23,4.1,RES0087,12.902286,77.580774,12.982951,77.534976,Meal,motorcycle,Sunny,High,No,Urban,2024-11-24,11:53,12:14,10.25,64
ORD007668,DEL0334,27,3.8,RES0083,12.912804,77.549798,12.937613,77.508901,Snack,bicycle,Fog,Medium,No,Urban,2024-03-13,15:35,15:45,5.22,60
ORD017518,DEL0533,21,4.5,RES0185,13.042407,77.644826,13.043982,77.589587,Meal,motorcycle,Sunny,Low,Yes,Urban,2024-05-18,16:55,17:12,5.99,40
ORD017184,DEL0099,51,4.4,RES0176,13.001447,77.692668,12.78393,77.688227,Meal,motorcycle,Cloudy,Jam,No,Urban,2024-01-10,19:12,19:41,24.19,167
ORD009726,DEL0442,22,4.3,RES0282,12.914852,77.515849,12.889198,77.488823,Drinks,electric_scooter,Sunny,Medium,No,Urban,2024-04-24,20:32,20:36,4.09,26
ORD018154,DEL0145,29,4.2,RES0063,13.026864,77.534746,13.030803,77.496631,Meal,motorcycle,Stormy,Jam,No,Metropolitan,2024-07-11,14:58,15:17,4.15,68
ORD007500,DEL0006,49,3.7,RES0172,12.982396,77.511216,12.984667,77.548692,Snack,motorcycle,Cloudy,High,No,Urban,2024-03-08,14:02,14:09,4.07,32
ORD017037,DEL0456,21,4.3,RES0080,12.990597,77.605673,12.987778,77.576694,Snack,motorcycle,Cloudy,Medium,No,Semi-Urban,2024-05-12,13:31,13:39,3.16,26
ORD007721,DEL0597,34,4.0,RES0203,13.04463,77.692447,12.953497,77.765131,Snack,motorcycle,Rainy,Medium,No,Urban,2024-07-25,12:19,12:34,12.83,67
ORD001906,DEL0437,34,3.5,RES0124,12.870382,77.612356,12.933336,77.67354,Snack,scooter,Sunny,Low,No,Urban,2024-07-24,18:11,18:23,9.64,45
ORD006718,DEL0478,21,3.9,RES0042,12.95326,77.47799,12.965942,77.469057,Meal,motorcycle,Rainy,Medium,No,Semi-Urban,2024-06-20,21:12,21:41,1.71,40
ORD002175,DEL0124,21,4.9,RES0159,12.986977,77.659594,12.951583,77.630257,Snack,motorcycle,Sunny,Medium,No,Metropolitan,2024-08-11,18:39,18:51,5.06,39
ORD006770,DEL0111,23,4.7,RES0042,12.95326,77.47799,12.93813,77.50147,Snack,scooter,Sunny,Jam,No,Semi-Urban,2024-10-25,18:15,18:32,3.05,38
ORD007162,DEL0042,52,4.8,RES0205,13.021099,77.582822,12.98275,77.601834,Meal,motorcycle,Sunny,Jam,No,Urban,2024-04-11,12:55,13:15,4.74,55
ORD006505,DEL0585,37,5.0,RES0101,12.963105,77.673367,12.959302,77.660228,Buffet,electric_scooter,Sunny,High,Yes,Metropolitan,2024-05-14,08:03,08:25,1.49,40
ORD018766,DEL0140,33,4.8,RES0135,12.935361,77.492179,12.913531,77.474478,Meal,scooter,Stormy,High,No,Metropolitan,2024-04-26,12:15,12:41,3.09,49
ORD004421,DEL0567,31,3.8,RES0136,13.019155,77.517352,13.069799,77.494949,Snack,scooter,Sunny,High,No,Semi-Urban,2024-01-03,13:28,13:42,6.13,42
ORD001273,DEL0013,26,4.1,RES0140,12.888445,77.519349,12.855056,77.519986,Meal,motorcycle,Fog,Medium,No,Semi-Urban,2024-09-26,06:45,07:01,3.71,39
ORD000452,DEL0128,27,4.2,RES0104,12.918355,77.703421,12.946434,77.655226,Meal,motorcycle,Rainy,Medium,No,Urban,2024-06-10,10:08,10:23,6.09,51
ORD003520,DEL0158,30,4.7,RES0193,13.027357,77.482098,13.070322,77.530961,Meal,scooter,Cloudy,Low,No,Urban,2024-03-06,08:59,09:13,7.13,46
ORD017478,DEL0079,56,4.4,RES0197,12.953364,77.534597,12.95424,77.492587,Meal,motorcycle,Cloudy,Medium,No,Metropolitan,2024-07-11,14:00,14:14,4.55,38
ORD009568,DEL0248,26,4.6,RES0255,12.982884,77.582314,13.026138,77.658438,Snack,motorcycle,Rainy,Medium,No,Metropolitan,2024-07-05,20:03,20:08,9.55,51
ORD000248,DEL0547,33,4.1,RES0003,12.889647,77.711979,12.885873,77.763496,Drinks,motorcycle,Sunny,High,Yes,Urban,2024-12-22,14:39,14:49,5.6,40
ORD017816,DEL0045,28,4.2,RES0263,12.976088,77.637557,12.88787,77.713393,Snack,motorcycle,Stormy,High,No,Semi-Urban,2024-10-09,17:38,17:48,12.8,71
ORD001748,DEL0333,18,4.0,RES0216,12.96369,77.584891,13.010536,77.583751,Meal,scooter,Rainy,Jam,No,Urban,2024-02-13,20:44,21:11,5.21,70
ORD002086,DEL0257,29,4.6,RES0041,13.032068,77.531651,13.045217,77.523097,Snack,bicycle,Cloudy,High,No,Metropolitan,2024-12-14,13:53,14:50,1.73,78
ORD012493,DEL0144,32,4.2,RES0226,12.952061,77.690316,13.009967,77.687725,Snack,motorcycle,Stormy,Medium,No,Metropolitan,2024-12-12,13:55,14:03,6.45,45
ORD013352,DEL0013,26,4.1,RES0129,13.075515,77.649625,13.119381,77.635104,Meal,motorcycle,Sunny,Jam,No,Urban,2024-08-25,20:10,20:26,5.12,46
ORD004975,DEL0544,43,4.2,RES0036,12.943138,77.713704,12.979041,77.706091,Meal,electric_scooter,Rainy,High,No,Semi-Urban,2024-09-29,12:53,13:15,4.08,52
ORD003499,DEL0211,21,4.1,RES0091,12.873233,77.589934,12.85231,77.555142,Meal,motorcycle,Sunny,High,No,Metropolitan,2024-01-09,19:43,20:08,4.43,51
ORD013443,DEL0218,29,5.0,RES0296,12.922479,77.666648,12.891385,77.699168,Meal,scooter,Stormy,Jam,No,Urban,2024-07-22,19:51,20:07,4.94,59
ORD001085,DEL0198,34,4.3,RES0151,12.856435,77.69238,12.829212,77.654745,Snack,scooter,Fog,High,No,Semi-Urban,2024-06-13,14:11,14:29,5.08,51
ORD004936,DEL0017,28,4.2,RES0117,13.077169,77.568886,13.063375,77.598699,Buffet,motorcycle,Cloudy,High,Yes,Urban,2024-11-02,19:26,19:59,3.57,60
ORD006238,DEL0197,28,4.2,RES0061,13.056123,77.610236,13.033082,77.663616,Meal,bicycle,Cloudy,Low,No,Urban,2024-12-23,23:14,23:28,6.32,47
ORD006735,DEL0282,29,3.5,RES0275,12.884924,77.608198,12.83267,77.506596,Snack,motorcycle,Rainy,Jam,No,Urban,2024-11-07,13:50,13:57,12.45,106
ORD012984,DEL0068,32,3.9,RES0061,13.056123,77.610236,13.0391,77.528608,Meal,motorcycle,Cloudy,High,No,Urban,2024-03-16,20:02,20:27,9.04,64
ORD014250,DEL0071,26,3.6,RES0078,13.069257,77.559814,13.03538,77.539979,Drinks,motorcycle,Sunny,High,No,Metropolitan,2024-04-01,19:56,20:05,4.34,38
ORD011983,DEL0433,28,3.7,RES0246,12.897755,77.499167,12.892849,77.569683,Drinks,scooter,Stormy,High,No,Metropolitan,2024-08-28,14:51,14:57,7.66,73
ORD005923,DEL0007,19,3.7,RES0121,13.041782,77.481577,13.048687,77.437733,Meal,scooter,Sunny,Medium,No,Semi-Urban,2024-02-27,08:37,08:56,4.81,37
ORD017269,DEL0314,60,4.4,RES0186,12.919515,77.66557,12.906578,77.662703,Meal,scooter,Fog,Jam,No,Urban,2024-10-25,14:17,14:37,1.47,39
ORD008949,DEL0155,59,4.4,RES0254,13.063096,77.48939,13.080288,77.479192,Meal,motorcycle,Cloudy,Medium,No,Urban,2024-10-26,10:24,10:37,2.21,29
ORD019451,DEL0320,38,4.1,RES0183,13.016142,77.595331,12.994522,77.58956,Drinks,motorcycle,Sunny,Medium,No,Metropolitan,2024-04-23,19:29,19:33,2.48,18
ORD004150,DEL0355,27,5.0,RES0149,12.926573,77.608933,12.882267,77.649103,Meal,scooter,Sunny,Low,No,Urban,2024-03-19,20:36,20:55,6.57,41
ORD005100,DEL0068,32,3.9,RES0062,13.051368,77.606183,13.059418,77.704052,Snack,motorcycle,Stormy,Medium,No,Semi-Urban,2024-06-21,22:49,22:58,10.64,49
ORD009513,DEL0196,19,4.3,RES0267,12.903881,77.518215,12.929088,77.524015,Meal,motorcycle,Cloudy,Low,No,Urban,2024-03-15,13:10,13:39,2.87,42
ORD013260,DEL0362,20,4.7,RES0005,13.062672,77.500041,13.060812,77.435635,Meal,motorcycle,Sunny,High,No,Metropolitan,2024-03-20,20:26,20:47,6.98,58
ORD017361,DEL0424,51,3.0,RES0297,12.953701,77.556262,12.98146,77.565295,Meal,electric_scooter,Fog,High,No,Urban,2024-04-15,21:36,22:31,3.24,83
ORD017038,DEL0027,42,4.1,RES0130,12.905885,77.548916,12.869717,77.541203,Drinks,motorcycle,Rainy,Low,No,Semi-Urban,2024-07-31,16:34,16:38,4.11,26
ORD003336,DEL0176,26,4.7,RES0135,12.935361,77.492179,12.946999,77.480614,Meal,motorcycle,Sunny,Jam,No,Metropolitan,2024-09-29,20:21,20:48,1.8,39
ORD017586,DEL0352,27,4.4,RES0037,12.860939,77.709709,12.694512,77.684974,Meal,electric_scooter,Sunny,High,No,Urban,2024-06-03,12:33,12:48,18.7,111
ORD019820,DEL0108,20,3.9,RES0230,12.96287,77.590836,12.980543,77.560383,Snack,bicycle,Rainy,High,No,Urban,2024-08-07,14:10,14:24,3.84,63
ORD013729,DEL0049,31,4.2,RES0247,12.886004,77.523812,12.874302,77.536138,Meal,bicycle,Sunny,Medium,No,Urban,2024-04-28,09:48,10:10,1.87,37
ORD009894,DEL0053,23,3.3,RES0017,12.937984,77.703524,12.896914,77.761973,Snack,motorcycle,Cloudy,High,No,Metropolitan,2024-08-24,09:51,10:37,7.81,89
ORD007651,DEL0129,30,4.0,RES0058,13.033609,77.515968,13.017514,77.552838,Meal,motorcycle,Stormy,Low,Yes,Metropolitan,2024-09-02,22:33,23:01,4.38,57
ORD002239,DEL0544,43,4.2,RES0172,12.982396,77.511216,13.043008,77.463283,Drinks,electric_scooter,Rainy,Jam,No,Urban,2024-01-06,09:35,09:38,8.51,86
ORD014205,DEL0328,24,4.4,RES0060,13.032647,77.484921,13.053902,77.487498,Snack,electric_scooter,Sunny,Medium,No,Metropolitan,2024-07-26,07:41,07:44,2.38,23
ORD000252,DEL0109,25,4.8,RES0212,12.92939,77.534331,12.987533,77.546524,Drinks,motorcycle,Fog,High,No,Urban,2024-05-23,12:20,12:23,6.6,41
ORD008197,DEL0067,42,3.9,RES0046,12.954806,77.517885,12.974339,77.475905,Snack,motorcycle,Sunny,High,No,Semi-Urban,2024-07-25,17:22,17:36,5.04,41
ORD004707,DEL0457,59,4.6,RES0076,13.033261,77.691845,12.956061,77.650194,Snack,bicycle,Cloudy,High,No,Metropolitan,2024-07-15,12:58,13:16,9.7,113
ORD008144,DEL0157,22,4.4,RES0132,13.074286,77.696174,13.041929,77.69738,Meal,motorcycle,Rainy,Low,No,Metropolitan,2024-02-29,17:08,17:25,3.6,40
ORD002715,DEL0328,24,4.4,RES0170,12.85906,77.567059,12.815358,77.602043,Meal,electric_scooter,Cloudy,Low,No,Urban,2024-01-05,10:52,11:21,6.16,58
ORD018080,DEL0456,21,4.3,RES0124,12.870382,77.612356,12.786285,77.650759,Meal,motorcycle,Rainy,Medium,No,Urban,2024-09-27,14:36,14:57,10.24,66
ORD009530,DEL0587,23,4.0,RES0291,12.894275,77.646921,12.9209,77.668793,Snack,motorcycle,Cloudy,High,Yes,Urban,2024-05-18,12:58,13:12,3.79,44
ORD010342,DEL0216,25,4.9,RES0187,13.015414,77.568316,13.119662,77.393632,Meal,motorcycle,Stormy,High,No,Urban,2024-06-30,14:55,15:13,22.19,134
ORD015291,DEL0002,22,3.6,RES0145,12.951268,77.639421,12.93986,77.614915,Meal,motorcycle,Cloudy,High,No,Urban,2024-02-29,14:56,15:15,2.94,33
ORD000327,DEL0217,59,4.3,RES0034,13.080149,77.586621,13.113959,77.587838,Meal,bicycle,Rainy,Medium,No,Urban,2024-08-07,13:43,14:03,3.76,68
ORD004981,DEL0476,34,3.8,RES0081,12.89175,77.504365,12.924249,77.499253,Meal,motorcycle,Stormy,High,No,Metropolitan,2024-12-01,13:44,14:14,3.66,63
ORD007439,DEL0092,34,4.2,RES0145,12.951268,77.639421,12.917171,77.655042,Meal,scooter,Sunny,Jam,No,Urban,2024-11-21,09:45,09:59,4.15,42
ORD006648,DEL0560,26,3.8,RES0201,12.996527,77.614009,12.971839,77.627821,Drinks,electric_scooter,Rainy,Jam,No,Semi-Urban,2024-10-20,07:15,07:22,3.13,31
ORD006259,DEL0101,32,4.0,RES0103,12.914397,77.544929,12.873308,77.54633,Drinks,motorcycle,Cloudy,Low,No,Metropolitan,2024-10-30,10:03,10:06,4.57,24
ORD009048,DEL0183,32,4.1,RES0189,13.008231,77.482636,12.789701,77.4355,Meal,bicycle,Rainy,Jam,No,Metropolitan,2024-08-01,20:16,20:31,24.83,240
ORD003394,DEL0306,26,3.2,RES0284,13.007384,77.682957,12.973958,77.65937,Meal,scooter,Sunny,Medium,Yes,Metropolitan,2024-04-16,17:24,17:51,4.51,57
ORD017665,DEL0316,27,3.8,RES0029,12.953771,77.614099,12.961659,77.631834,Meal,motorcycle,Cloudy,Medium,No,Semi-Urban,2024-02-17,07:50,08:03,2.11,29
ORD019415,DEL0575,23,4.3,RES0044,12.862972,77.583366,12.902274,77.586742,Drinks,scooter,Sunny,High,No,Semi-Urban,2024-01-28,12:03,12:09,4.39,27
ORD016118,DEL0220,28,4.0,RES0030,12.968491,77.530814,13.080675,77.555888,Meal,scooter,Stormy,Low,Yes,Urban,2024-09-12,11:56,12:22,12.77,101
ORD001338,DEL0064,30,4.3,RES0226,12.952061,77.690316,12.992005,77.685355,Snack,scooter,Cloudy,Medium,No,Metropolitan,2024-05-20,14:56,15:10,4.47,40
ORD003169,DEL0287,30,4.5,RES0017,12.937984,77.703524,12.901798,77.81295,Meal,motorcycle,Cloudy,Jam,No,Metropolitan,2024-11-29,21:21,21:43,12.52,103
ORD012861,DEL0526,23,4.2,RES0210,12.93409,77.569726,12.966948,77.573408,Drinks,motorcycle,Rainy,Low,No,Metropolitan,2024-01-31,23:05,23:14,3.68,28
ORD019815,DEL0169,25,4.0,RES0237,12.88579,77.493985,13.044807,77.459887,Meal,scooter,Cloudy,Low,Yes,Semi-Urban,2024-04-30,12:39,12:59,18.06,86
ORD002394,DEL0222,26,4.0,RES0121,13.041782,77.481577,13.038012,77.567709,Meal,electric_scooter,Fog,Low,No,Semi-Urban,2024-05-03,22:06,22:24,9.34,53
ORD019916,DEL0556,21,3.9,RES0145,12.951268,77.639421,12.966762,77.65879,Meal,motorcycle,Cloudy,Low,No,Urban,2024-03-21,13:10,13:27,2.72,30
ORD015180,DEL0059,19,3.6,RES0069,13.055849,77.550171,13.064952,77.572826,Meal,scooter,Rainy,Jam,No,Semi-Urban,2024-06-23,14:49,15:11,2.65,47
ORD005924,DEL0301,29,4.4,RES0242,13.000419,77.599194,13.003019,77.622223,Meal,motorcycle,Cloudy,Medium,No,Urban,2024-01-26,18:46,19:08,2.51,32
ORD016298,DEL0294,29,3.3,RES0054,13.012422,77.511192,13.037364,77.525661,Meal,scooter,Sunny,High,Yes,Urban,2024-11-02,11:14,11:27,3.19,38
ORD002744,DEL0067,42,3.9,RES0252,13.012039,77.654859,13.008773,77.671288,Meal,motorcycle,Sunny,High,No,Urban,2024-04-28,21:38,22:04,1.82,43
ORD005006,DEL0166,38,4.0,RES0278,12.992266,77.482462,13.02286,77.469683,Meal,motorcycle,Sunny,Low,No,Urban,2024-12-21,17:22,17:35,3.67,32
ORD018717,DEL0035,32,4.6,RES0183,13.016142,77.595331,13.086058,77.594669,Buffet,scooter,Sunny,Medium,No,Metropolitan,2024-04-19,14:43,15:04,7.77,60
ORD019614,DEL0571,28,3.0,RES0139,12.85719,77.675221,12.908137,77.68672,Drinks,scooter,Cloudy,High,No,Semi-Urban,2024-08-18,21:39,21:50,5.8,61
ORD011644,DEL0374,37,4.6,RES0145,12.951268,77.639421,12.924647,77.661782,Snack,electric_scooter,Rainy,Medium,No,Urban,2024-05-30,10:56,11:01,3.83,29
ORD004120,DEL0578,59,4.7,RES0079,12.989246,77.62829,12.958603,77.669512,Meal,bicycle,Rainy,Jam,No,Urban,2024-08-02,15:03,15:18,5.62,103
ORD002091,DEL0519,28,4.9,RES0166,13.053427,77.590652,13.092751,77.603662,Meal,motorcycle,Rainy,Jam,No,Semi-Urban,2024-06-04,21:55,22:11,4.59,48
ORD007444,DEL0058,26,5.0,RES0146,12.917238,77.691846,12.927868,77.699386,Drinks,motorcycle,Stormy,High,No,Metropolitan,2024-08-01,14:35,14:47,1.44,27
ORD008732,DEL0342,42,4.2,RES0180,12.964444,77.597078,12.965763,77.624491,Drinks,bicycle,Stormy,High,No,Urban,2024-09-06,12:58,13:05,2.97,53
ORD014405,DEL0433,28,3.7,RES0286,12.873972,77.631874,12.900501,77.623601,Buffet,scooter,Rainy,Low,No,Urban,2024-11-04,10:17,10:36,3.08,37
ORD005703,DEL0516,29,4.6,RES0226,12.952061,77.690316,12.948969,77.663655,Buffet,motorcycle,Cloudy,Low,No,Metropolitan,2024-10-09,22:58,23:28,2.91,47
ORD003801,DEL0458,48,4.2,RES0108,12.930061,77.643478,12.912689,77.666535,Buffet,scooter,Cloudy,Medium,No,Semi-Urban,2024-09-29,06:43,07:11,3.16,47
ORD011420,DEL0182,20,4.0,RES0233,13.088454,77.499592,13.1034,77.594761,Meal,motorcycle,Rainy,Medium,No,Metropolitan,2024-07-10,21:43,22:01,10.44,68
ORD002009,DEL0296,32,4.4,RES0168,13.002261,77.666171,13.015678,77.677303,Meal,motorcycle,Sunny,Medium,No,Urban,2024-04-03,15:43,15:57,1.92,30
ORD001494,DEL0020,39,4.0,RES0196,12.919593,77.574363,12.889399,77.58844,Buffet,scooter,Sunny,Jam,No,Urban,2024-08-25,12:55,13:21,3.69,60
ORD009283,DEL0542,24,4.1,RES0139,12.85719,77.675221,12.821911,77.638922,Snack,bicycle,Sunny,High,No,Semi-Urban,2024-03-20,19:21,19:36,5.56,58
ORD007790,DEL0011,23,4.3,RES0031,12.895873,77.563899,12.881775,77.591342,Drinks,motorcycle,Sunny,Low,No,Metropolitan,2024-08-03,23:16,23:23,3.36,21
ORD003849,DEL0357,23,4.0,RES0237,12.88579,77.493985,12.887791,77.458945,Snack,scooter,Cloudy,Low,No,Semi-Urban,2024-01-26,20:26,20:34,3.8,20
ORD015651,DEL0103,26,4.1,RES0072,13.043445,77.701854,13.027506,77.671196,Snack,motorcycle,Rainy,High,No,Semi-Urban,2024-09-07,13:13,13:21,3.76,27
ORD019144,DEL0431,24,3.8,RES0112,13.041207,77.663994,13.06508,77.691529,Snack,scooter,Cloudy,Medium,Yes,Urban,2024-04-30,19:43,19:58,3.99,37
ORD018552,DEL0500,27,3.9,RES0194,13.020908,77.640298,12.845468,77.780869,Snack,scooter,Rainy,Low,No,Semi-Urban,2024-08-07,19:55,20:30,24.75,124
ORD019250,DEL0058,26,5.0,RES0212,12.92939,77.534331,12.934832,77.503561,Drinks,motorcycle,Cloudy,Low,No,Urban,2024-06-05,07:47,07:50,3.39,19
ORD004195,DEL0438,18,3.9,RES0201,12.996527,77.614009,13.013043,77.565153,Meal,motorcycle,Stormy,Medium,No,Semi-Urban,2024-08-16,19:41,19:57,5.6,45
ORD001513,DEL0358,19,4.5,RES0050,13.015833,77.532435,12.969804,77.565282,Meal,motorcycle,Cloudy,High,No,Urban,2024-05-22,19:54,20:14,6.23,54
ORD002749,DEL0409,33,3.2,RES0007,12.902642,77.550329,12.901122,77.537873,Snack,motorcycle,Rainy,High,No,Metropolitan,2024-03-03,16:29,16:44,1.36,33
ORD018212,DEL0363,24,4.9,RES0008,13.069603,77.505735,13.108671,77.565391,Meal,scooter,Cloudy,High,No,Metropolitan,2024-01-27,19:39,19:52,7.79,52
ORD003734,DEL0298,32,4.0,RES0239,12.975406,77.607166,12.963676,77.655968,Snack,motorcycle,Rainy,Low,No,Metropolitan,2024-09-21,00:01,00:04,5.45,33
ORD007655,DEL0305,23,4.6,RES0032,12.874293,77.49184,12.863558,77.524368,Snack,scooter,Cloudy,High,No,Urban,2024-06-04,19:16,19:30,3.72,35
ORD002347,DEL0046,30,4.8,RES0122,12.969513,77.572184,12.941859,77.575084,Meal,motorcycle,Sunny,Medium,Yes,Urban,2024-10-02,15:44,16:07,3.09,41
ORD002520,DEL0531,21,4.2,RES0074,12.911341,77.633701,12.917538,77.535914,Buffet,electric_scooter,Sunny,Medium,No,Metropolitan,2024-07-13,14:56,15:28,10.62,90
ORD000719,DEL0415,21,4.3,RES0281,12.970902,77.490719,13.012159,77.469907,Meal,motorcycle,Sunny,Jam,No,Semi-Urban,2024-08-21,12:10,12:29,5.11,70
ORD000140,DEL0314,60,4.4,RES0110,12.911286,77.615273,12.881167,77.62155,Meal,scooter,Sunny,High,No,Metropolitan,2024-09-15,14:35,14:50,3.42,40
ORD017948,DEL0458,48,4.2,RES0034,13.080149,77.586621,13.09384,77.550315,Meal,scooter,Cloudy,Medium,Yes,Urban,2024-12-30,14:18,14:43,4.22,52
ORD017763,DEL0266,35,5.0,RES0233,13.088454,77.499592,13.078079,77.546708,Snack,motorcycle,Cloudy,Medium,No,Metropolitan,2024-12-14,17:57,18:08,5.23,32
ORD002445,DEL0016,25,4.0,RES0011,12.909314,77.557368,12.929742,77.457004,Meal,motorcycle,Rainy,Low,No,Semi-Urban,2024-07-26,23:23,23:41,11.11,51
ORD005199,DEL0332,29,4.5,RES0205,13.021099,77.582822,12.928085,77.542208,Meal,scooter,Cloudy,Jam,No,Urban,2024-09-18,21:50,22:09,11.24,98
ORD001403,DEL0430,30,4.2,RES0221,13.09137,77.663973,13.104534,77.664707,Meal,scooter,Sunny,Jam,No,Semi-Urban,2024-11-16,19:58,20:12,1.47,47
ORD016322,DEL0448,19,4.4,RES0142,13.008342,77.55217,13.011544,77.463135,Meal,scooter,Cloudy,High,No,Semi-Urban,2024-10-04,21:09,21:39,9.65,78
ORD001731,DEL0001,27,4.5,RES0041,13.032068,77.531651,13.016903,77.596441,Buffet,scooter,Sunny,Low,No,Metropolitan,2024-03-11,18:44,19:11,7.22,59
ORD009261,DEL0032,54,4.4,RES0184,12.861186,77.680033,12.846767,77.659787,Meal,motorcycle,Cloudy,Medium,No,Urban,2024-02-13,22:08,22:21,2.72,28
ORD003722,DEL0117,18,4.5,RES0083,12.912804,77.549798,12.888379,77.576357,Snack,bicycle,Rainy,Medium,Yes,Urban,2024-06-09,00:57,01:07,3.96,52
ORD017841,DEL0166,38,4.0,RES0174,12.930282,77.589626,12.931819,77.624429,Snack,motorcycle,Cloudy,High,No,Urban,2024-11-07,13:03,13:17,3.78,31
ORD019737,DEL0201,23,4.5,RES0082,13.085591,77.568854,13.058809,77.568687,Meal,motorcycle,Sunny,Medium,No,Urban,2024-08-12,20:45,21:08,2.98,40
ORD008122,DEL0363,24,4.9,RES0289,12.897412,77.588908,12.914414,77.604678,Drinks,scooter,Cloudy,Jam,Yes,Metropolitan,2024-09-12,21:23,21:33,2.55,33
ORD009532,DEL0283,34,4.5,RES0070,12.955126,77.691169,13.063172,77.573047,Drinks,scooter,Stormy,Medium,Yes,Urban,2024-08-29,09:54,09:59,17.55,123
ORD017731,DEL0081,31,4.2,RES0118,13.082303,77.629909,13.07415,77.597204,Drinks,scooter,Sunny,Low,Yes,Urban,2024-08-29,19:45,19:48,3.66,23
ORD018907,DEL0205,30,3.5,RES0056,13.027807,77.621534,13.004319,77.579842,Snack,scooter,Fog,Jam,No,Semi-Urban,2024-01-08,13:17,13:21,5.22,49
ORD014284,DEL0284,28,4.3,RES0230,12.96287,77.590836,12.899067,77.587577,Meal,electric_scooter,Fog,Jam,No,Urban,2024-02-19,19:08,19:28,7.1,84
ORD004075,DEL0585,37,5.0,RES0022,13.062396,77.523154,13.007198,77.519944,Meal,electric_scooter,Cloudy,Medium,No,Urban,2024-02-15,22:32,22:48,6.15,51
ORD009050,DEL0079,56,4.4,RES0254,13.063096,77.48939,13.056089,77.430987,Meal,motorcycle,Fog,High,No,Urban,2024-12-28,21:30,21:40,6.37,50
ORD006439,DEL0174,19,4.0,RES0268,13.059642,77.477983,13.095672,77.450721,Meal,motorcycle,Rainy,Medium,No,Semi-Urban,2024-10-20,16:08,16:28,4.98,46
ORD002268,DEL0397,20,5.0,RES0137,12.904774,77.498828,12.848764,77.644402,Meal,scooter,Rainy,Low,Yes,Urban,2024-03-29,07:16,07:41,16.96,96
ORD002831,DEL0222,26,4.0,RES0228,13.071104,77.505173,13.04921,77.464007,Meal,electric_scooter,Cloudy,Medium,No,Semi-Urban,2024-02-15,20:53,21:07,5.08,36
ORD010496,DEL0412,28,3.5,RES0004,12.951693,77.70186,12.897715,77.714488,Snack,scooter,Sunny,Low,No,Semi-Urban,2024-06-30,15:04,15:10,6.16,30
ORD014178,DEL0328,24,4.4,RES0199,12.939618,77.579726,12.951904,77.544141,Drinks,electric_scooter,Cloudy,High,No,Semi-Urban,2024-01-15,07:11,07:21,4.09,34
ORD012292,DEL0522,25,3.9,RES0202,12.904374,77.476118,12.935322,77.627755,Snack,motorcycle,Sunny,Jam,No,Urban,2024-01-26,21:04,21:14,16.79,85
ORD008367,DEL0542,24,4.1,RES0142,13.008342,77.55217,12.993011,77.614088,Snack,bicycle,Sunny,High,No,Semi-Urban,2024-05-12,07:21,07:33,6.92,64
ORD016895,DEL0034,30,3.7,RES0148,12.901191,77.632702,12.907446,77.596618,Buffet,motorcycle,Stormy,Jam,No,Metropolitan,2024-06-05,20:02,20:31,3.97,76
ORD008467,DEL0045,28,4.2,RES0114,12.932477,77.641452,12.926628,77.660666,Buffet,motorcycle,Stormy,High,No,Semi-Urban,2024-06-20,14:58,15:27,2.18,44
ORD002933,DEL0457,59,4.6,RES0140,12.888445,77.519349,12.869202,77.52106,Meal,bicycle,Rainy,Medium,Yes,Semi-Urban,2024-10-07,10:50,11:04,2.15,37
ORD013785,DEL0406,30,4.0,RES0064,13.044032,77.583265,13.048667,77.625961,Snack,scooter,Cloudy,Low,No,Metropolitan,2024-01-27,11:36,11:46,4.65,31
ORD016076,DEL0270,57,4.0,RES0045,12.857547,77.556119,12.914844,77.584499,Snack,electric_scooter,Sunny,Jam,No,Semi-Urban,2024-01-23,14:43,14:53,7.07,57
ORD012951,DEL0574,25,3.9,RES0014,12.882461,77.51256,12.911469,77.485532,Snack,scooter,Sunny,Jam,No,Metropolitan,2024-10-13,17:34,17:42,4.36,48
ORD002947,DEL0142,19,4.0,RES0159,12.986977,77.659594,13.02234,77.665974,Drinks,motorcycle,Sunny,High,No,Metropolitan,2024-07-06,08:44,08:49,3.99,30
ORD017515,DEL0317,46,4.5,RES0289,12.897412,77.588908,12.872125,77.586547,Meal,electric_scooter,Sunny,High,No,Metropolitan,2024-10-27,17:42,18:03,2.82,44
ORD011293,DEL0533,21,4.5,RES0029,12.953771,77.614099,12.942809,77.547353,Snack,motorcycle,Sunny,Medium,No,Semi-Urban,2024-05-29,07:13,07:27,7.34,36
ORD019607,DEL0594,18,3.5,RES0031,12.895873,77.563899,12.891486,77.619215,Snack,motorcycle,Cloudy,Jam,No,Metropolitan,2024-06-17,14:13,14:23,6.02,69
ORD009391,DEL0371,27,4.5,RES0161,12.955012,77.658886,12.90838,77.639175,Snack,motorcycle,Cloudy,Low,No,Urban,2024-10-12,23:49,23:59,5.61,29
ORD009294,DEL0512,22,3.7,RES0243,12.926255,77.502795,12.907533,77.548993,Buffet,electric_scooter,Rainy,Medium,Yes,Semi-Urban,2024-09-25,23:07,23:45,5.42,75
ORD017748,DEL0515,18,4.3,RES0164,12.918758,77.682244,12.899143,77.727375,Snack,electric_scooter,Sunny,High,No,Urban,2024-01-02,20:13,20:26,5.36,44
ORD006163,DEL0075,26,3.7,RES0265,13.010111,77.708815,13.061688,77.726482,Meal,scooter,Rainy,Jam,No,Metropolitan,2024-08-10,17:26,17:34,6.05,61
ORD009759,DEL0271,43,3.9,RES0073,13.082453,77.631071,13.094815,77.607329,Snack,scooter,Sunny,Medium,No,Urban,2024-03-04,15:31,15:46,2.92,29
ORD008545,DEL0495,42,3.8,RES0283,12.933845,77.566834,12.934173,77.607654,Buffet,motorcycle,Sunny,Medium,No,Semi-Urban,2024-02-07,15:53,16:14,4.42,37
ORD002580,DEL0153,30,3.3,RES0136,13.019155,77.517352,12.953579,77.616528,Meal,motorcycle,Sunny,Jam,No,Semi-Urban,2024-07-19,22:17,22:28,12.99,63
ORD004388,DEL0590,22,4.7,RES0052,12.888344,77.518793,12.875495,77.538489,Drinks,motorcycle,Cloudy,Medium,No,Urban,2024-10-17,16:22,16:27,2.57,18
ORD011226,DEL0406,30,4.0,RES0269,12.93464,77.554871,12.918053,77.572832,Meal,scooter,Sunny,High,No,Metropolitan,2024-09-19,19:04,19:26,2.68,42
ORD018150,DEL0503,20,4.1,RES0103,12.914397,77.544929,13.059256,77.534172,Meal,motorcycle,Rainy,High,No,Metropolitan,2024-06-03,19:00,19:20,16.15,125
ORD004833,DEL0522,25,3.9,RES0232,12.861037,77.66824,12.836644,77.668696,Meal,motorcycle,Fog,Medium,No,Urban,2024-11-09,20:57,21:23,2.71,47
ORD009392,DEL0005,50,3.8,RES0018,12.998198,77.509396,12.974287,77.484208,Meal,motorcycle,Sunny,High,No,Semi-Urban,2024-12-08,08:45,09:29,3.81,60
ORD006706,DEL0142,19,4.0,RES0244,12.947616,77.686906,12.962011,77.707933,Meal,motorcycle,Sunny,Low,No,Semi-Urban,2024-10-04,17:21,17:38,2.78,28
ORD016193,DEL0273,24,4.2,RES0053,12.931106,77.593472,12.968724,77.602312,Snack,motorcycle,Rainy,Medium,Yes,Semi-Urban,2024-09-04,14:00,14:18,4.29,40
ORD002627,DEL0342,42,4.2,RES0007,12.902642,77.550329,12.863238,77.567447,Meal,bicycle,Cloudy,High,No,Metropolitan,2024-02-07,20:32,21:05,4.76,91
ORD009099,DEL0024,27,4.0,RES0242,13.000419,77.599194,13.030691,77.575327,Meal,scooter,Cloudy,Low,No,Urban,2024-01-13,22:53,23:14,4.24,39
ORD010873,DEL0560,26,3.8,RES0277,12.979143,77.708888,12.884847,77.797566,Meal,electric_scooter,Rainy,Medium,No,Metropolitan,2024-08-09,18:56,19:16,14.22,113
ORD006889,DEL0110,22,3.3,RES0090,12.974182,77.696516,12.958718,77.562199,Drinks,scooter,Fog,Jam,No,Urban,2024-02-29,14:56,15:01,14.66,134
ORD019365,DEL0358,19,4.5,RES0130,12.905885,77.548916,13.015379,77.605727,Drinks,motorcycle,Cloudy,Low,No,Semi-Urban,2024-04-14,14:28,14:31,13.64,33
ORD005688,DEL0573,24,4.5,RES0131,12.977555,77.604234,12.989886,77.622036,Snack,electric_scooter,Cloudy,Medium,No,Metropolitan,2024-12-23,13:56,14:09,2.37,34
ORD004950,DEL0226,35,3.9,RES0086,12.957492,77.671773,12.965694,77.704859,Snack,motorcycle,Rainy,Low,No,Metropolitan,2024-09-24,23:11,23:24,3.7,33
ORD014307,DEL0570,55,3.5,RES0296,12.922479,77.666648,12.908143,77.605775,Drinks,electric_scooter,Rainy,High,No,Urban,2024-06-02,20:31,20:40,6.79,57
ORD011331,DEL0127,37,4.6,RES0248,13.04607,77.668096,13.035493,77.70564,Snack,bicycle,Cloudy,High,No,Semi-Urban,2024-05-05,13:50,14:02,4.23,44
ORD019491,DEL0244,24,4.1,RES0191,13.081784,77.58846,13.071871,77.461172,Snack,motorcycle,Stormy,Low,No,Urban,2024-09-05,11:02,11:07,13.83,77
ORD001806,DEL0432,23,4.2,RES0224,13.080303,77.711205,13.02795,77.755263,Snack,scooter,Sunny,Low,No,Urban,2024-04-08,23:22,23:35,7.53,38
ORD013812,DEL0249,18,5.0,RES0103,12.914397,77.544929,12.948538,77.555454,Meal,motorcycle,Rainy,Low,No,Metropolitan,2024-08-13,11:10,11:23,3.96,35
ORD011998,DEL0162,50,3.8,RES0081,12.89175,77.504365,12.875255,77.482766,Buffet,scooter,Stormy,High,No,Metropolitan,2024-03-26,22:00,22:32,2.97,67
ORD016481,DEL0247,28,3.8,RES0145,12.951268,77.639421,12.911139,77.646849,Meal,bicycle,Cloudy,Medium,Yes,Urban,2024-12-22,20:06,20:31,4.53,67
ORD008509,DEL0384,30,4.2,RES0073,13.082453,77.631071,13.138766,77.57587,Meal,motorcycle,Sunny,Medium,No,Urban,2024-11-10,12:59,13:58,8.66,94
ORD019716,DEL0232,27,3.8,RES0050,13.015833,77.532435,13.065023,77.590546,Meal,scooter,Cloudy,Medium,No,Urban,2024-11-06,20:03,20:22,8.34,54
ORD008576,DEL0593,28,4.7,RES0142,13.008342,77.55217,13.00677,77.515234,Meal,motorcycle,Sunny,High,No,Semi-Urban,2024-07-09,12:23,12:45,4.01,40
ORD004878,DEL0547,33,4.1,RES0136,13.019155,77.517352,12.978596,77.595232,Meal,motorcycle,Fog,High,No,Semi-Urban,2024-08-19,23:36,23:50,9.57,59
ORD010880,DEL0126,31,4.3,RES0153,13.011464,77.64548,12.989413,77.620569,Meal,scooter,Rainy,Medium,No,Metropolitan,2024-11-30,09:04,09:20,3.65,44
ORD001148,DEL0188,23,3.9,RES0039,12.873742,77.493963,12.874505,77.468045,Meal,scooter,Cloudy,High,No,Urban,2024-01-06,21:44,22:01,2.81,33
ORD006077,DEL0504,21,3.6,RES0107,13.088762,77.706637,13.066581,77.723273,Meal,bicycle,Rainy,Medium,No,Urban,2024-05-25,19:27,19:55,3.05,70
ORD006310,DEL0500,27,3.9,RES0080,12.990597,77.605673,13.026297,77.635069,Meal,scooter,Stormy,High,No,Semi-Urban,2024-07-02,19:00,19:16,5.09,56
ORD006211,DEL0460,31,4.4,RES0148,12.901191,77.632702,12.943269,77.633236,Snack,bicycle,Cloudy,High,No,Metropolitan,2024-11-27,10:58,11:07,4.68,45
ORD016880,DEL0323,22,4.8,RES0284,13.007384,77.682957,13.056433,77.609136,Meal,motorcycle,Sunny,High,No,Metropolitan,2024-02-08,13:50,14:19,9.68,71
ORD005715,DEL0065,30,4.7,RES0240,12.97716,77.675212,13.015482,77.751255,Drinks,motorcycle,Sunny,Medium,No,Urban,2024-12-12,21:09,21:19,9.28,42
ORD015993,DEL0178,30,4.3,RES0058,13.033609,77.515968,12.973926,77.504733,Drinks,motorcycle,Cloudy,High,Yes,Metropolitan,2024-04-16,19:22,19:33,6.75,51
ORD015144,DEL0029,18,3.9,RES0164,12.918758,77.682244,12.931403,77.703332,Snack,scooter,Rainy,High,No,Urban,2024-01-22,16:26,16:34,2.68,30
ORD013303,DEL0085,30,3.9,RES0125,13.033525,77.512098,13.029964,77.526032,Snack,scooter,Sunny,Medium,No,Metropolitan,2024-02-13,13:22,13:35,1.56,26
ORD000425,DEL0421,26,4.0,RES0275,12.884924,77.608198,12.864763,77.630536,Meal,scooter,Stormy,Medium,No,Urban,2024-06-10,21:51,22:09,3.3,40
ORD007361,DEL0479,34,4.0,RES0272,12.986014,77.68406,12.97416,77.653944,Snack,motorcycle,Cloudy,Jam,No,Semi-Urban,2024-04-17,12:21,12:28,3.52,50
ORD019417,DEL0314,60,4.4,RES0043,12.923459,77.497456,12.960639,77.532522,Snack,scooter,Rainy,High,No,Semi-Urban,2024-03-28,19:55,20:08,5.62,46
ORD007242,DEL0132,24,3.5,RES0020,12.934604,77.521875,12.923256,77.49001,Snack,motorcycle,Stormy,Medium,No,Metropolitan,2024-09-30,20:38,21:00,3.68,52
ORD015704,DEL0161,27,3.8,RES0120,13.047876,77.516557,13.045789,77.458398,Meal,motorcycle,Rainy,Low,No,Urban,2024-07-03,20:13,20:33,6.3,49
ORD009996,DEL0515,18,4.3,RES0018,12.998198,77.509396,12.999254,77.468753,Meal,electric_scooter,Cloudy,Jam,No,Semi-Urban,2024-11-24,21:48,22:07,4.41,47
ORD015487,DEL0037,31,3.6,RES0163,12.954275,77.616082,13.043069,77.700738,Meal,electric_scooter,Fog,High,No,Semi-Urban,2024-04-06,21:59,22:49,13.48,105
ORD002178,DEL0533,21,4.5,RES0193,13.027357,77.482098,13.056747,77.496841,Drinks,motorcycle,Cloudy,High,No,Urban,2024-12-27,19:40,19:45,3.64,27
ORD007052,DEL0130,21,4.1,RES0135,12.935361,77.492179,12.980498,77.525373,Meal,motorcycle,Fog,Medium,Yes,Metropolitan,2024-09-02,08:33,09:05,6.17,68
ORD006406,DEL0158,30,4.7,RES0295,13.061779,77.521585,13.102169,77.562521,Snack,scooter,Sunny,High,No,Metropolitan,2024-12-25,21:53,22:05,6.31,47
ORD005352,DEL0183,32,4.1,RES0195,12.908304,77.579021,12.939834,77.516632,Buffet,bicycle,Sunny,Medium,No,Semi-Urban,2024-08-14,08:29,08:54,7.62,76
ORD012907,DEL0568,51,4.2,RES0194,13.020908,77.640298,12.974383,77.642355,Drinks,motorcycle,Fog,High,No,Semi-Urban,2024-03-09,20:01,20:11,5.18,41
ORD001607,DEL0129,30,4.0,RES0291,12.894275,77.646921,12.942083,77.639575,Meal,motorcycle,Sunny,Medium,No,Urban,2024-03-24,14:24,14:42,5.38,40
ORD003063,DEL0513,26,4.5,RES0007,12.902642,77.550329,12.949604,77.543,Meal,electric_scooter,Cloudy,Low,No,Metropolitan,2024-08-13,11:46,12:11,5.28,53
ORD017403,DEL0439,36,4.1,RES0081,12.89175,77.504365,13.024238,77.323987,Snack,electric_scooter,Cloudy,Jam,No,Metropolitan,2024-10-03,13:10,13:19,24.48,200
ORD003489,DEL0013,26,4.1,RES0124,12.870382,77.612356,12.838845,77.641052,Drinks,motorcycle,Rainy,Low,Yes,Urban,2024-11-02,10:28,10:36,4.69,26
ORD004202,DEL0237,23,3.1,RES0052,12.888344,77.518793,12.904526,77.570688,Snack,motorcycle,Cloudy,Low,No,Urban,2024-03-05,23:25,23:37,5.91,32
ORD018506,DEL0494,25,4.2,RES0082,13.085591,77.568854,13.033462,77.544386,Snack,bicycle,Cloudy,Jam,No,Urban,2024-05-25,09:21,09:39,6.37,85
ORD017688,DEL0460,31,4.4,RES0061,13.056123,77.610236,12.895701,77.768803,Meal,bicycle,Sunny,High,No,Urban,2024-02-12,08:31,08:49,24.77,215
ORD016599,DEL0038,32,3.8,RES0222,12.950555,77.607934,13.051584,77.648773,Meal,electric_scooter,Sunny,Medium,No,Semi-Urban,2024-01-10,21:21,21:36,12.07,71
ORD002806,DEL0506,21,3.9,RES0009,13.065204,77.641352,13.0257,77.672765,Snack,scooter,Sunny,Jam,No,Urban,2024-02-24,13:18,13:32,5.56,51
ORD012350,DEL0248,26,4.6,RES0099,12.959777,77.60592,12.872516,77.592203,Snack,motorcycle,Sunny,Jam,No,Semi-Urban,2024-10-13,20:21,20:57,9.82,74
ORD018690,DEL0526,23,4.2,RES0157,12.987861,77.551789,12.912744,77.549179,Meal,motorcycle,Cloudy,Low,No,Urban,2024-01-06,21:59,22:18,8.36,42
ORD006249,DEL0505,42,2.9,RES0245,12.883639,77.516601,12.854315,77.537785,Drinks,scooter,Cloudy,High,No,Metropolitan,2024-01-20,19:11,19:14,3.99,31
ORD009705,DEL0194,26,4.5,RES0027,13.028686,77.495562,13.03778,77.56933,Drinks,electric_scooter,Fog,Low,No,Urban,2024-09-11,20:05,20:08,8.06,35
ORD006915,DEL0229,39,3.7,RES0146,12.917238,77.691846,12.961713,77.815217,Meal,motorcycle,Cloudy,High,No,Metropolitan,2024-04-26,21:00,21:22,14.26,93
ORD014038,DEL0125,54,4.8,RES0120,13.047876,77.516557,13.062969,77.522835,Meal,motorcycle,Sunny,Medium,No,Urban,2024-10-03,07:39,07:59,1.81,31
ORD004032,DEL0371,27,4.5,RES0120,13.047876,77.516557,13.055696,77.4633,Meal,motorcycle,Sunny,Low,Yes,Urban,2024-10-07,09:04,09:26,5.83,51
ORD004450,DEL0552,26,3.6,RES0173,12.916578,77.599105,12.880237,77.549373,Meal,motorcycle,Cloudy,Medium,No,Urban,2024-08-10,19:00,19:24,6.74,51
ORD011263,DEL0438,18,3.9,RES0241,13.073509,77.541751,13.092967,77.579341,Meal,motorcycle,Sunny,Jam,No,Urban,2024-04-06,21:15,21:25,4.61,38
ORD018577,DEL0341,31,3.1,RES0240,12.97716,77.675212,12.792187,77.620099,Snack,scooter,Cloudy,High,No,Urban,2024-02-08,23:19,23:33,21.42,117
ORD003529,DEL0030,40,3.9,RES0183,13.016142,77.595331,12.963257,77.687046,Meal,scooter,Cloudy,Low,Yes,Metropolitan,2024-04-16,06:35,06:46,11.55,66
ORD018788,DEL0445,28,3.6,RES0163,12.954275,77.616082,12.967008,77.664438,Meal,motorcycle,Cloudy,Jam,No,Semi-Urban,2024-11-24,16:10,16:36,5.43,57
ORD015570,DEL0185,44,3.8,RES0229,13.022693,77.642462,13.0549,77.677786,Snack,motorcycle,Cloudy,Jam,No,Metropolitan,2024-06-30,21:26,21:43,5.24,58
ORD017683,DEL0336,26,3.4,RES0286,12.873972,77.631874,12.909679,77.625842,Meal,motorcycle,Cloudy,Medium,Yes,Urban,2024-03-10,18:20,18:35,4.02,38
ORD002320,DEL0481,33,4.0,RES0046,12.954806,77.517885,12.9773,77.572086,Meal,scooter,Rainy,High,No,Semi-Urban,2024-07-09,21:19,21:42,6.38,62
ORD012784,DEL0108,20,3.9,RES0147,12.855339,77.54541,12.920064,77.562397,Meal,bicycle,Sunny,Medium,No,Metropolitan,2024-05-15,12:56,13:22,7.43,80
ORD008100,DEL0219,31,4.1,RES0161,12.955012,77.658886,12.997495,77.724317,Drinks,scooter,Sunny,Low,No,Urban,2024-01-14,16:26,16:29,8.52,36
ORD003510,DEL0278,22,3.5,RES0083,12.912804,77.549798,12.954438,77.508053,Meal,motorcycle,Sunny,Medium,No,Urban,2024-12-27,13:11,13:34,6.47,50
ORD011341,DEL0412,28,3.5,RES0066,12.96565,77.647705,12.910149,77.659575,Drinks,scooter,Rainy,Low,No,Urban,2024-11-14,11:36,11:39,6.3,37
ORD008166,DEL0473,40,4.1,RES0048,12.910175,77.560308,12.912644,77.60352,Snack,motorcycle,Sunny,Medium,No,Metropolitan,2024-10-13,14:39,14:49,4.69,36
ORD005395,DEL0031,35,5.0,RES0027,13.028686,77.495562,13.04872,77.482486,Snack,scooter,Rainy,Medium,No,Urban,2024-12-14,18:44,18:50,2.64,24
ORD008026,DEL0300,30,4.1,RES0148,12.901191,77.632702,12.875371,77.58135,Snack,motorcycle,Rainy,Medium,No,Metropolitan,2024-08-23,22:10,22:20,6.26,41
ORD004394,DEL0341,31,3.1,RES0019,12.922701,77.599853,12.939427,77.659524,Drinks,scooter,Cloudy,Jam,No,Metropolitan,2024-12-07,21:39,21:49,6.73,67
ORD004591,DEL0089,38,4.5,RES0052,12.888344,77.518793,12.865377,77.536823,Drinks,bicycle,Cloudy,High,No,Urban,2024-07-26,18:28,18:35,3.22,37
ORD016145,DEL0150,42,4.3,RES0249,13.02077,77.499995,12.980463,77.488163,Snack,scooter,Cloudy,Jam,No,Semi-Urban,2024-11-07,12:18,12:29,4.66,44
ORD001053,DEL0506,21,3.9,RES0002,12.871505,77.617002,12.879181,77.580232,Snack,scooter,Sunny,Low,No,Urban,2024-11-26,17:05,17:15,4.08,29
ORD010331,DEL0199,23,4.2,RES0265,13.010111,77.708815,13.014834,77.724909,Snack,motorcycle,Sunny,High,No,Metropolitan,2024-05-16,21:14,21:23,1.82,24
ORD016862,DEL0151,44,4.1,RES0069,13.055849,77.550171,13.056253,77.573026,Drinks,bicycle,Sunny,Jam,No,Semi-Urban,2024-03-26,19:39,19:47,2.48,38
ORD002579,DEL0386,21,4.1,RES0165,13.016199,77.550916,13.007065,77.530285,Meal,scooter,Sunny,Medium,Yes,Urban,2024-01-25,12:32,12:50,2.46,36
ORD010505,DEL0216,25,4.9,RES0133,13.082054,77.604026,13.129186,77.604433,Snack,motorcycle,Cloudy,High,No,Urban,2024-05-04,18:45,18:59,5.24,34
ORD019883,DEL0498,34,4.3,RES0239,12.975406,77.607166,12.968886,77.642423,Snack,scooter,Rainy,Jam,No,Metropolitan,2024-05-06,21:16,21:26,3.89,49
ORD008353,DEL0077,27,3.7,RES0212,12.92939,77.534331,12.902579,77.523331,Meal,motorcycle,Fog,High,No,Urban,2024-11-18,14:08,14:23,3.21,35
ORD017459,DEL0577,27,4.4,RES0300,13.02318,77.601982,12.934362,77.613701,Meal,motorcycle,Cloudy,High,No,Semi-Urban,2024-10-06,14:30,14:45,9.96,54
ORD019376,DEL0588,21,3.8,RES0185,13.042407,77.644826,13.147567,77.683032,Meal,motorcycle,Cloudy,Low,No,Urban,2024-06-15,15:30,15:51,12.4,56
ORD004725,DEL0224,20,3.7,RES0235,13.074543,77.491307,13.115155,77.541129,Snack,scooter,Rainy,Medium,No,Urban,2024-06-04,23:07,23:15,7.04,45
ORD018919,DEL0459,44,4.5,RES0038,12.995666,77.576141,13.015855,77.505034,Meal,bicycle,Sunny,Jam,No,Urban,2024-05-02,12:26,12:55,8.02,109
ORD002233,DEL0200,36,4.2,RES0184,12.861186,77.680033,12.794414,77.647331,Meal,motorcycle,Sunny,Jam,No,Urban,2024-03-23,13:13,13:32,8.23,65
ORD002778,DEL0085,30,3.9,RES0276,13.069985,77.535987,13.063244,77.557771,Snack,scooter,Rainy,High,No,Semi-Urban,2024-03-23,12:31,12:41,2.48,31
ORD015132,DEL0538,32,4.7,RES0034,13.080149,77.586621,13.101625,77.553191,Meal,motorcycle,Stormy,Jam,No,Urban,2024-08-10,19:48,20:08,4.34,54
ORD001291,DEL0528,25,4.8,RES0027,13.028686,77.495562,13.043282,77.455551,Meal,scooter,Cloudy,Medium,No,Urban,2024-10-12,15:45,16:03,4.63,44
ORD014762,DEL0199,23,4.2,RES0210,12.93409,77.569726,12.87266,77.630689,Buffet,motorcycle,Cloudy,High,No,Metropolitan,2024-01-04,20:13,20:43,9.5,80
ORD002208,DEL0179,35,4.6,RES0116,13.002955,77.518042,13.050377,77.555067,Snack,scooter,Rainy,Jam,No,Semi-Urban,2024-04-11,19:41,19:54,6.63,62
ORD003450,DEL0425,28,3.9,RES0208,12.858373,77.541855,12.871244,77.552537,Meal,bicycle,Cloudy,Medium,No,Semi-Urban,2024-03-03,13:41,13:57,1.84,31
ORD015250,DEL0003,33,4.0,RES0078,13.069257,77.559814,13.091908,77.532311,Snack,scooter,Cloudy,Jam,No,Metropolitan,2024-02-05,20:34,20:46,3.9,53
ORD009510,DEL0430,30,4.2,RES0220,12.880371,77.545414,12.847089,77.574737,Meal,scooter,Sunny,High,No,Urban,2024-01-02,21:42,22:13,4.88,55
ORD003036,DEL0276,33,4.5,RES0052,12.888344,77.518793,12.865614,77.501693,Meal,motorcycle,Stormy,Medium,No,Urban,2024-08-19,09:03,09:33,3.13,51
ORD016263,DEL0316,27,3.8,RES0124,12.870382,77.612356,12.861,77.631382,Meal,motorcycle,Sunny,High,No,Urban,2024-09-24,21:43,22:09,2.31,41
ORD016818,DEL0115,32,4.1,RES0285,12.971047,77.60348,13.049407,77.646986,Meal,motorcycle,Sunny,Low,No,Urban,2024-09-15,15:58,16:09,9.91,40
ORD015338,DEL0264,27,3.8,RES0287,12.86913,77.662523,12.939771,77.670054,Buffet,motorcycle,Rainy,Low,Yes,Urban,2024-09-04,11:20,11:53,7.9,73
ORD010183,DEL0042,52,4.8,RES0021,13.041362,77.492927,13.004816,77.490746,Snack,motorcycle,Fog,Medium,No,Urban,2024-08-09,13:44,14:00,4.07,35
ORD002999,DEL0598,48,5.0,RES0188,13.005854,77.601554,13.018211,77.645504,Buffet,motorcycle,Cloudy,Medium,No,Urban,2024-11-11,08:13,08:31,4.96,42
ORD006760,DEL0423,56,4.5,RES0047,13.063603,77.646464,13.081188,77.659927,Meal,electric_scooter,Stormy,Medium,No,Semi-Urban,2024-10-15,18:43,18:56,2.44,33
ORD002266,DEL0269,28,4.6,RES0246,12.897755,77.499167,12.795339,77.464225,Snack,scooter,Cloudy,Jam,No,Metropolitan,2024-03-11,19:17,19:29,12.0,108
ORD007338,DEL0041,31,4.5,RES0070,12.955126,77.691169,12.891422,77.637131,Meal,motorcycle,Stormy,Medium,No,Urban,2024-06-10,09:38,09:53,9.19,68
ORD010677,DEL0576,23,4.2,RES0032,12.874293,77.49184,12.927756,77.440089,Meal,motorcycle,Stormy,Medium,No,Urban,2024-04-09,12:43,13:02,8.17,77
ORD004506,DEL0469,19,5.0,RES0196,12.919593,77.574363,12.906461,77.559818,Meal,motorcycle,Cloudy,High,No,Urban,2024-09-27,15:21,15:38,2.15,37
ORD018427,DEL0323,22,4.8,RES0172,12.982396,77.511216,12.985363,77.562302,Snack,motorcycle,Rainy,Low,No,Urban,2024-02-19,11:04,11:15,5.55,37
ORD019202,DEL0548,21,4.1,RES0061,13.056123,77.610236,13.063515,77.568213,Meal,motorcycle,Sunny,Jam,No,Urban,2024-12-13,22:13,22:31,4.63,46
ORD006693,DEL0362,20,4.7,RES0250,12.978883,77.622063,12.925169,77.639192,Snack,motorcycle,Cloudy,High,No,Semi-Urban,2024-01-08,13:45,14:02,6.25,44
ORD014802,DEL0156,23,5.0,RES0051,12.866199,77.603814,12.897058,77.577277,Meal,motorcycle,Fog,High,Yes,Urban,2024-01-25,17:15,17:33,4.48,42
ORD014031,DEL0006,49,3.7,RES0131,12.977555,77.604234,12.983366,77.573192,Snack,motorcycle,Rainy,High,No,Metropolitan,2024-08-02,16:20,16:33,3.42,42
ORD003107,DEL0250,22,3.7,RES0036,12.943138,77.713704,12.934772,77.707914,Meal,bicycle,Rainy,Low,No,Semi-Urban,2024-12-19,22:26,22:42,1.12,25
ORD000222,DEL0340,24,4.5,RES0063,13.026864,77.534746,12.988692,77.556452,Snack,motorcycle,Cloudy,Jam,No,Metropolitan,2024-02-20,20:31,20:39,4.85,43
ORD018357,DEL0593,28,4.7,RES0105,13.074283,77.569428,13.056629,77.515963,Meal,motorcycle,Stormy,Medium,No,Semi-Urban,2024-07-20,20:56,21:19,6.11,52
ORD011826,DEL0472,40,4.5,RES0146,12.917238,77.691846,12.938738,77.685816,Drinks,motorcycle,Sunny,High,No,Metropolitan,2024-01-08,12:51,13:03,2.48,32
ORD003051,DEL0030,40,3.9,RES0296,12.922479,77.666648,12.897129,77.702094,Snack,scooter,Sunny,High,No,Urban,2024-01-30,13:17,13:30,4.76,41
ORD004286,DEL0179,35,4.6,RES0159,12.986977,77.659594,12.950425,77.636417,Snack,scooter,Cloudy,Medium,Yes,Metropolitan,2024-09-25,20:59,21:20,4.78,50
ORD017542,DEL0423,56,4.5,RES0079,12.989246,77.62829,13.016447,77.62222,Meal,electric_scooter,Sunny,High,No,Urban,2024-05-16,12:27,12:50,3.1,43
ORD012247,DEL0260,26,3.4,RES0165,13.016199,77.550916,12.988164,77.601624,Snack,scooter,Cloudy,Low,No,Urban,2024-08-30,22:56,23:02,6.32,27
ORD000211,DEL0358,19,4.5,RES0051,12.866199,77.603814,12.874664,77.646265,Meal,motorcycle,Cloudy,High,No,Urban,2024-09-06,18:08,18:23,4.7,38
ORD018239,DEL0468,30,5.0,RES0144,13.038407,77.623831,13.003292,77.554216,Buffet,electric_scooter,Stormy,Low,Yes,Metropolitan,2024-09-02,23:04,23:38,8.49,83
ORD001912,DEL0311,22,5.0,RES0217,12.940551,77.705483,12.887737,77.670396,Snack,motorcycle,Rainy,High,No,Metropolitan,2024-08-08,14:22,14:35,7.0,55
ORD000500,DEL0040,31,4.3,RES0181,12.921274,77.596832,12.932107,77.682948,Meal,bicycle,Cloudy,Jam,No,Semi-Urban,2024-05-10,21:18,21:42,9.41,124
ORD005000,DEL0542,24,4.1,RES0051,12.866199,77.603814,12.924836,77.684437,Snack,bicycle,Cloudy,Low,No,Urban,2024-11-06,19:10,19:18,10.9,77
ORD017918,DEL0356,57,4.7,RES0204,12.956609,77.491661,12.840034,77.396266,Meal,motorcycle,Stormy,Medium,No,Semi-Urban,2024-06-15,12:12,12:31,16.58,90
ORD017267,DEL0587,23,4.0,RES0276,13.069985,77.535987,13.204693,77.586269,Meal,motorcycle,Cloudy,High,No,Semi-Urban,2024-11-26,19:27,19:48,15.94,87
ORD008749,DEL0381,20,4.1,RES0270,13.073106,77.511275,13.074318,77.459323,Meal,motorcycle,Cloudy,Jam,No,Metropolitan,2024-06-06,15:44,16:03,5.63,60
ORD013684,DEL0107,32,4.1,RES0139,12.85719,77.675221,12.856135,77.650946,Meal,bicycle,Sunny,Medium,No,Semi-Urban,2024-01-29,19:37,20:07,2.63,49
ORD000181,DEL0455,31,4.6,RES0157,12.987861,77.551789,12.981208,77.590147,Meal,scooter,Cloudy,Medium,Yes,Urban,2024-04-16,15:43,16:03,4.22,45
ORD018927,DEL0405,24,4.2,RES0135,12.935361,77.492179,12.915129,77.46735,Buffet,motorcycle,Cloudy,High,No,Metropolitan,2024-07-10,20:44,21:22,3.51,64
ORD013685,DEL0345,22,5.0,RES0235,13.074543,77.491307,13.108582,77.46058,Snack,scooter,Sunny,Medium,No,Urban,2024-11-11,20:39,20:52,5.04,35
ORD012001,DEL0402,55,4.3,RES0029,12.953771,77.614099,12.910099,77.560125,Meal,scooter,Sunny,Medium,No,Semi-Urban,2024-12-21,15:00,15:20,7.6,48
ORD018843,DEL0027,42,4.1,RES0138,12.929545,77.658155,12.935877,77.697151,Meal,motorcycle,Rainy,Jam,No,Metropolitan,2024-01-08,19:04,19:26,4.28,60
ORD011795,DEL0574,25,3.9,RES0014,12.882461,77.51256,12.889141,77.493241,Drinks,scooter,Sunny,Jam,No,Metropolitan,2024-08-01,20:26,20:34,2.22,33
ORD007268,DEL0218,29,5.0,RES0006,12.86535,77.569632,12.827766,77.579888,Drinks,scooter,Cloudy,Low,No,Urban,2024-02-20,12:16,12:20,4.32,25
ORD002421,DEL0500,27,3.9,RES0197,12.953364,77.534597,12.941269,77.502127,Meal,scooter,Cloudy,Medium,No,Metropolitan,2024-01-03,16:00,16:13,3.77,36
ORD015826,DEL0405,24,4.2,RES0231,13.085466,77.695112,13.072822,77.686111,Snack,motorcycle,Cloudy,High,No,Metropolitan,2024-12-07,20:53,21:02,1.71,21
ORD018203,DEL0122,22,4.5,RES0022,13.062396,77.523154,13.09511,77.525367,Meal,motorcycle,Sunny,Low,No,Urban,2024-09-19,22:05,22:20,3.65,33
ORD015635,DEL0513,26,4.5,RES0035,12.999233,77.712306,12.967239,77.734376,Snack,electric_scooter,Sunny,High,No,Metropolitan,2024-01-10,21:38,21:52,4.29,43
ORD014889,DEL0291,34,4.0,RES0258,12.965487,77.560206,12.989646,77.527115,Drinks,scooter,Cloudy,Medium,No,Semi-Urban,2024-02-29,10:37,10:44,4.48,27
ORD000467,DEL0123,32,4.7,RES0070,12.955126,77.691169,13.101531,77.745774,Meal,electric_scooter,Fog,Low,No,Urban,2024-07-14,18:07,18:24,17.32,96
ORD015058,DEL0095,19,3.8,RES0113,12.974613,77.542116,12.954881,77.63799,Meal,electric_scooter,Cloudy,High,No,Semi-Urban,2024-07-18,12:21,12:36,10.62,81
ORD000060,DEL0037,31,3.6,RES0067,13.004789,77.527807,12.989715,77.523989,Snack,electric_scooter,Sunny,Jam,No,Metropolitan,2024-01-10,13:18,13:25,1.73,29
ORD004203,DEL0344,33,4.3,RES0158,12.884614,77.673258,12.867757,77.696628,Snack,motorcycle,Cloudy,Medium,No,Urban,2024-12-19,19:26,19:36,3.15,28
ORD018077,DEL0431,24,3.8,RES0028,12.892641,77.580444,12.875358,77.596451,Meal,scooter,Cloudy,Jam,No,Urban,2024-06-19,13:23,13:43,2.59,46
ORD007485,DEL0385,28,3.8,RES0261,12.946619,77.610812,12.963636,77.587092,Meal,motorcycle,Cloudy,Medium,No,Urban,2024-09-11,11:36,11:54,3.19,33
ORD001581,DEL0120,18,4.2,RES0239,12.975406,77.607166,13.069591,77.644739,Meal,bicycle,Rainy,High,No,Metropolitan,2024-07-22,08:54,09:08,11.24,144
ORD007285,DEL0443,24,4.9,RES0155,13.076164,77.694278,13.095215,77.640428,Meal,scooter,Rainy,High,No,Metropolitan,2024-07-17,12:49,13:12,6.21,66
ORD019828,DEL0352,27,4.4,RES0167,13.036044,77.702851,13.038997,77.716017,Snack,electric_scooter,Sunny,Medium,No,Urban,2024-09-14,22:06,22:20,1.46,25
ORD016234,DEL0374,37,4.6,RES0183,13.016142,77.595331,13.098195,77.593056,Drinks,electric_scooter,Sunny,High,No,Metropolitan,2024-10-12,17:26,18:19,9.13,111
ORD009394,DEL0282,29,3.5,RES0188,13.005854,77.601554,12.995109,77.580709,Meal,motorcycle,Cloudy,Low,No,Urban,2024-04-06,08:10,08:21,2.55,24
ORD002699,DEL0484,50,4.9,RES0200,12.945431,77.588356,12.914553,77.594424,Meal,scooter,Fog,Low,No,Semi-Urban,2024-06-20,22:27,22:49,3.5,36
ORD004565,DEL0432,23,4.2,RES0093,12.911641,77.532558,12.886297,77.494377,Meal,scooter,Cloudy,High,No,Metropolitan,2024-12-14,09:44,10:05,5.01,58
ORD011404,DEL0392,34,5.0,RES0098,12.974367,77.635169,12.955051,77.631365,Drinks,motorcycle,Sunny,Medium,No,Urban,2024-10-06,12:52,12:56,2.19,17
ORD004200,DEL0232,27,3.8,RES0162,12.945262,77.53889,12.911172,77.536707,Drinks,scooter,Sunny,Medium,No,Metropolitan,2024-05-25,14:45,14:57,3.8,32
ORD019839,DEL0009,23,3.7,RES0143,13.007339,77.616459,13.017846,77.592862,Meal,motorcycle,Sunny,Low,No,Urban,2024-01-05,22:07,22:31,2.81,36
ORD014903,DEL0517,20,4.3,RES0012,12.952355,77.496286,13.040622,77.599108,Snack,scooter,Cloudy,High,Yes,Semi-Urban,2024-03-29,20:31,20:47,14.85,84
ORD007158,DEL0037,31,3.6,RES0007,12.902642,77.550329,12.883836,77.535093,Drinks,electric_scooter,Cloudy,Medium,No,Metropolitan,2024-09-30,18:55,19:03,2.66,31
ORD002974,DEL0536,34,4.7,RES0130,12.905885,77.548916,12.905318,77.521115,Meal,motorcycle,Sunny,High,No,Semi-Urban,2024-11-14,22:31,22:43,3.01,22
ORD007842,DEL0004,27,4.8,RES0198,12.918248,77.603679,12.972299,77.535424,Meal,motorcycle,Stormy,High,No,Metropolitan,2024-07-03,17:55,18:11,9.53,76
ORD014767,DEL0284,28,4.3,RES0158,12.884614,77.673258,12.903458,77.671915,Meal,electric_scooter,Cloudy,Medium,No,Urban,2024-10-04,21:43,21:59,2.1,28
ORD013635,DEL0321,29,4.6,RES0038,12.995666,77.576141,13.057615,77.653872,Meal,scooter,Sunny,Jam,No,Urban,2024-02-10,14:09,14:37,10.88,90
ORD007696,DEL0358,19,4.5,RES0002,12.871505,77.617002,12.832271,77.634549,Meal,motorcycle,Rainy,Jam,No,Urban,2024-10-13,14:19,14:39,4.76,54
ORD005935,DEL0041,31,4.5,RES0101,12.963105,77.673367,12.960058,77.654377,Meal,motorcycle,Sunny,Medium,No,Metropolitan,2024-12-08,12:51,13:05,2.09,30
ORD013876,DEL0131,34,4.1,RES0203,13.04463,77.692447,13.062506,77.655371,Meal,motorcycle,Cloudy,Jam,No,Urban,2024-06-26,21:01,21:22,4.48,50
ORD017226,DEL0503,20,4.1,RES0285,12.971047,77.60348,12.918249,77.581946,Snack,motorcycle,Sunny,Low,No,Urban,2024-09-22,20:16,20:22,6.32,28
ORD005216,DEL0283,34,4.5,RES0117,13.077169,77.568886,13.101597,77.514491,Meal,scooter,Cloudy,High,Yes,Urban,2024-06-09,15:36,15:55,6.49,54
ORD011433,DEL0433,28,3.7,RES0232,12.861037,77.66824,12.898564,77.685821,Snack,scooter,Rainy,Medium,No,Urban,2024-10-23,14:16,14:35,4.59,46
ORD011166,DEL0218,29,5.0,RES0083,12.912804,77.549798,12.867388,77.571904,Meal,scooter,Cloudy,Low,No,Urban,2024-08-14,22:16,22:37,5.59,39
ORD011366,DEL0599,20,4.2,RES0160,12.866383,77.594676,12.893853,77.6073,Meal,motorcycle,Rainy,Low,No,Urban,2024-06-18,12:55,13:11,3.35,33
ORD006627,DEL0136,29,3.3,RES0253,13.046697,77.520215,13.045254,77.535014,Drinks,motorcycle,Sunny,High,No,Semi-Urban,2024-08-02,10:25,10:36,1.61,21
ORD003596,DEL0401,26,4.2,RES0077,13.076307,77.597211,13.080924,77.571034,Meal,bicycle,Sunny,Medium,No,Urban,2024-05-05,20:37,20:51,2.88,38
ORD013086,DEL0284,28,4.3,RES0057,13.059823,77.537909,13.081258,77.560768,Meal,electric_scooter,Stormy,High,No,Semi-Urban,2024-04-13,19:17,19:42,3.44,54
ORD005273,DEL0553,35,3.8,RES0111,12.865619,77.503107,12.889391,77.524501,Snack,motorcycle,Sunny,Low,No,Metropolitan,2024-01-14,10:17,10:27,3.52,26
ORD005628,DEL0558,25,4.2,RES0300,13.02318,77.601982,13.119387,77.395415,Meal,motorcycle,Fog,High,No,Semi-Urban,2024-01-09,21:50,22:01,24.8,126
ORD012011,DEL0205,30,3.5,RES0190,12.997551,77.56652,12.891291,77.60186,Drinks,scooter,Sunny,Medium,No,Metropolitan,2024-10-20,21:29,21:33,12.42,68
ORD014842,DEL0030,40,3.9,RES0232,12.861037,77.66824,12.864578,77.624223,Meal,scooter,Rainy,Jam,No,Urban,2024-09-24,12:47,13:10,4.79,60
ORD010073,DEL0208,31,4.4,RES0268,13.059642,77.477983,13.041089,77.50778,Snack,scooter,Sunny,Medium,No,Semi-Urban,2024-06-24,09:43,10:00,3.83,36
ORD014752,DEL0094,18,4.2,RES0154,13.0027,77.64929,13.040493,77.612717,Snack,scooter,Rainy,Medium,No,Urban,2024-07-11,21:34,21:44,5.78,51
ORD007325,DEL0164,32,4.5,RES0219,12.878365,77.713561,12.850328,77.711731,Meal,motorcycle,Fog,Jam,No,Semi-Urban,2024-07-21,13:51,14:14,3.12,48
ORD008633,DEL0229,39,3.7,RES0222,12.950555,77.607934,12.929449,77.629453,Meal,motorcycle,Cloudy,Medium,No,Semi-Urban,2024-09-11,18:59,19:17,3.31,36
ORD014109,DEL0022,32,3.4,RES0296,12.922479,77.666648,12.933679,77.602318,Drinks,electric_scooter,Sunny,Medium,No,Urban,2024-10-21,14:11,14:15,7.08,43
ORD001298,DEL0162,50,3.8,RES0295,13.061779,77.521585,13.053501,77.551161,Drinks,scooter,Sunny,High,No,Metropolitan,2024-04-24,13:22,13:26,3.33,29
ORD010367,DEL0116,27,4.4,RES0148,12.901191,77.632702,12.943095,77.671854,Meal,scooter,Fog,Medium,No,Metropolitan,2024-12-19,09:51,10:08,6.3,56
ORD013249,DEL0509,40,3.9,RES0206,12.871146,77.524369,12.924945,77.566017,Snack,electric_scooter,Sunny,Low,No,Metropolitan,2024-12-13,22:13,22:21,7.49,42
ORD000201,DEL0090,33,4.6,RES0006,12.86535,77.569632,12.890543,77.56298,Meal,motorcycle,Cloudy,High,Yes,Urban,2024-05-14,20:38,21:06,2.89,47
ORD001457,DEL0466,27,4.3,RES0073,13.082453,77.631071,13.078273,77.619556,Snack,scooter,Sunny,High,No,Urban,2024-11-21,19:34,19:47,1.33,26
ORD010560,DEL0381,20,4.1,RES0003,12.889647,77.711979,12.93821,77.666454,Snack,motorcycle,Sunny,High,No,Urban,2024-10-06,15:44,15:50,7.31,36
ORD009801,DEL0440,30,4.1,RES0289,12.897412,77.588908,13.019108,77.498516,Drinks,scooter,Sunny,High,Yes,Metropolitan,2024-01-25,19:40,19:50,16.71,100
ORD008454,DEL0428,43,4.8,RES0067,13.004789,77.527807,12.961624,77.591099,Drinks,scooter,Rainy,High,No,Metropolitan,2024-02-26,12:21,12:27,8.37,62
ORD009652,DEL0422,29,3.9,RES0221,13.09137,77.663973,13.037757,77.614651,Snack,motorcycle,Cloudy,Low,No,Semi-Urban,2024-01-07,14:43,14:55,8.01,32
ORD008893,DEL0305,23,4.6,RES0274,13.050475,77.51695,12.993172,77.446021,Meal,scooter,Sunny,Medium,No,Semi-Urban,2024-10-05,11:22,11:42,9.98,53
ORD018545,DEL0587,23,4.0,RES0256,13.048372,77.523196,13.093805,77.539864,Meal,motorcycle,Rainy,High,No,Urban,2024-10-06,19:15,19:39,5.36,65
ORD010264,DEL0403,21,4.5,RES0113,12.974613,77.542116,12.949884,77.540132,Meal,bicycle,Cloudy,High,Yes,Semi-Urban,2024-12-22,17:48,18:05,2.76,48
ORD001203,DEL0085,30,3.9,RES0281,12.970902,77.490719,12.942307,77.527129,Snack,scooter,Stormy,High,No,Semi-Urban,2024-03-20,21:45,21:57,5.07,51
ORD015968,DEL0211,21,4.1,RES0214,12.913373,77.571597,12.908127,77.596621,Drinks,motorcycle,Rainy,Low,No,Semi-Urban,2024-06-04,00:33,00:41,2.77,25
ORD003644,DEL0307,22,3.7,RES0168,13.002261,77.666171,13.010066,77.629795,Meal,motorcycle,Sunny,Medium,No,Urban,2024-04-19,21:38,21:50,4.04,31
ORD010991,DEL0335,27,4.5,RES0256,13.048372,77.523196,13.064877,77.509736,Meal,motorcycle,Sunny,Medium,No,Urban,2024-12-10,19:46,20:09,2.34,35
ORD010724,DEL0178,30,4.3,RES0019,12.922701,77.599853,12.951259,77.595829,Meal,motorcycle,Sunny,Medium,No,Metropolitan,2024-05-26,19:59,20:16,3.21,34
ORD010357,DEL0502,25,4.6,RES0208,12.858373,77.541855,12.815803,77.561334,Meal,scooter,Cloudy,Jam,No,Semi-Urban,2024-02-16,14:59,15:09,5.18,39
ORD003129,DEL0519,28,4.9,RES0178,13.000621,77.625036,12.999319,77.65191,Snack,motorcycle,Rainy,Low,No,Metropolitan,2024-06-02,11:58,12:07,2.92,27
ORD004352,DEL0085,30,3.9,RES0026,12.8644,77.631036,12.891222,77.673944,Meal,scooter,Sunny,Low,No,Metropolitan,2024-05-16,22:12,22:33,5.53,49
ORD019403,DEL0201,23,4.5,RES0024,12.988764,77.508055,13.003969,77.526303,Snack,motorcycle,Rainy,High,No,Metropolitan,2024-10-26,08:14,08:27,2.6,37
ORD015879,DEL0298,32,4.0,RES0089,13.057159,77.507068,13.083399,77.463624,Snack,motorcycle,Stormy,Low,No,Semi-Urban,2024-12-18,17:28,17:37,5.54,38
ORD003012,DEL0535,33,3.3,RES0292,13.063213,77.537802,13.071838,77.520217,Meal,scooter,Rainy,Medium,No,Urban,2024-09-14,09:05,09:20,2.13,32
ORD005091,DEL0341,31,3.1,RES0219,12.878365,77.713561,12.895694,77.731157,Snack,scooter,Sunny,Jam,No,Semi-Urban,2024-05-06,12:01,12:14,2.71,35
ORD017108,DEL0061,20,3.8,RES0116,13.002955,77.518042,13.042943,77.51715,Snack,motorcycle,Sunny,High,No,Semi-Urban,2024-11-18,19:55,20:09,4.45,35
ORD002622,DEL0410,36,3.5,RES0108,12.930061,77.643478,12.965813,77.621194,Meal,motorcycle,Sunny,Jam,No,Semi-Urban,2024-05-22,19:11,19:36,4.65,56
ORD001535,DEL0431,24,3.8,RES0258,12.965487,77.560206,12.93599,77.580879,Meal,scooter,Cloudy,High,No,Semi-Urban,2024-02-22,21:16,21:36,3.97,42
ORD018179,DEL0562,24,4.4,RES0246,12.897755,77.499167,12.874173,77.510231,Drinks,scooter,Sunny,Low,No,Metropolitan,2024-12-12,10:49,10:52,2.88,18
ORD003837,DEL0290,26,4.3,RES0026,12.8644,77.631036,12.850608,77.582751,Snack,motorcycle,Stormy,Medium,No,Metropolitan,2024-08-15,20:46,20:54,5.45,39
ORD017767,DEL0575,23,4.3,RES0267,12.903881,77.518215,12.893882,77.590393,Snack,scooter,Cloudy,High,No,Urban,2024-06-13,19:21,19:43,7.9,64
ORD011521,DEL0586,57,5.0,RES0219,12.878365,77.713561,12.84604,77.760873,Meal,scooter,Sunny,High,No,Semi-Urban,2024-09-13,19:21,19:46,6.26,51
ORD016081,DEL0227,24,4.7,RES0189,13.008231,77.482636,13.03711,77.488886,Meal,scooter,Sunny,Medium,No,Metropolitan,2024-02-29,15:05,15:20,3.28,33
ORD015860,DEL0588,21,3.8,RES0263,12.976088,77.637557,12.936204,77.645463,Snack,motorcycle,Sunny,Low,No,Semi-Urban,2024-10-06,17:32,17:41,4.52,26
ORD008551,DEL0183,32,4.1,RES0211,13.079421,77.627901,13.108541,77.639687,Meal,bicycle,Sunny,Low,No,Urban,2024-12-27,18:09,18:25,3.48,40
ORD015663,DEL0172,26,4.3,RES0270,13.073106,77.511275,13.035975,77.498976,Drinks,electric_scooter,Cloudy,Medium,No,Metropolitan,2024-02-01,15:57,16:02,4.34,34
ORD005130,DEL0102,29,4.7,RES0195,12.908304,77.579021,12.878774,77.619332,Buffet,motorcycle,Rainy,Medium,No,Semi-Urban,2024-07-30,22:57,23:22,5.47,50
ORD014009,DEL0070,25,3.9,RES0068,12.975186,77.521012,12.904341,77.524491,Meal,motorcycle,Cloudy,High,Yes,Semi-Urban,2024-10-07,14:59,15:30,7.89,74
ORD003353,DEL0244,24,4.1,RES0216,12.96369,77.584891,12.940045,77.548694,Snack,motorcycle,Rainy,Low,No,Urban,2024-07-12,06:00,06:17,4.72,39
ORD013455,DEL0271,43,3.9,RES0189,13.008231,77.482636,12.98411,77.469417,Drinks,scooter,Sunny,High,Yes,Metropolitan,2024-05-31,11:58,12:04,3.04,32
ORD013759,DEL0306,26,3.2,RES0298,13.081766,77.51056,13.07493,77.458895,Snack,scooter,Cloudy,Medium,No,Semi-Urban,2024-08-12,00:37,01:06,5.65,55
ORD004904,DEL0231,28,3.1,RES0138,12.929545,77.658155,12.928447,77.694547,Meal,motorcycle,Sunny,Medium,No,Metropolitan,2024-09-08,15:45,16:05,3.95,43
ORD002931,DEL0151,44,4.1,RES0081,12.89175,77.504365,12.976681,77.474354,Meal,bicycle,Rainy,High,No,Metropolitan,2024-06-07,12:28,12:53,9.99,152
ORD001088,DEL0568,51,4.2,RES0081,12.89175,77.504365,12.883764,77.477807,Meal,motorcycle,Rainy,Jam,No,Metropolitan,2024-06-08,21:42,22:09,3.01,62
ORD015245,DEL0187,30,5.0,RES0254,13.063096,77.48939,13.135734,77.500474,Drinks,electric_scooter,Fog,Jam,No,Urban,2024-02-16,19:45,19:53,8.17,77
ORD012089,DEL0459,44,4.5,RES0121,13.041782,77.481577,12.958679,77.422463,Snack,bicycle,Cloudy,Low,No,Semi-Urban,2024-03-30,16:45,16:57,11.24,75
ORD004885,DEL0389,35,4.2,RES0052,12.888344,77.518793,12.867024,77.497857,Snack,motorcycle,Sunny,High,No,Urban,2024-11-19,18:10,18:19,3.28,26
ORD014634,DEL0113,18,3.9,RES0190,12.997551,77.56652,12.978896,77.606593,Meal,motorcycle,Sunny,High,No,Metropolitan,2024-05-09,18:40,18:56,4.81,47
ORD007948,DEL0412,28,3.5,RES0054,13.012422,77.511192,13.035168,77.507957,Meal,scooter,Sunny,Jam,No,Urban,2024-12-24,20:38,20:53,2.55,37
ORD016824,DEL0500,27,3.9,RES0094,13.061935,77.538219,13.076089,77.62367,Meal,scooter,Cloudy,Medium,No,Metropolitan,2024-10-08,20:41,20:53,9.39,60
ORD015820,DEL0407,30,4.6,RES0100,13.031915,77.582263,13.050097,77.537812,Meal,motorcycle,Sunny,High,No,Urban,2024-10-11,19:04,19:27,5.22,46
ORD005392,DEL0528,25,4.8,RES0037,12.860939,77.709709,12.851742,77.729658,Meal,scooter,Rainy,Low,No,Urban,2024-08-12,08:39,08:55,2.39,32
ORD007246,DEL0091,27,4.2,RES0213,12.986913,77.479257,12.981134,77.511837,Meal,electric_scooter,Sunny,Medium,No,Urban,2024-10-27,03:23,03:39,3.59,35
ORD015683,DEL0303,31,4.0,RES0276,13.069985,77.535987,13.050348,77.526981,Snack,scooter,Rainy,Medium,No,Semi-Urban,2024-09-10,19:12,19:26,2.39,31
ORD006280,DEL0547,33,4.1,RES0164,12.918758,77.682244,12.948408,77.730462,Snack,motorcycle,Sunny,High,No,Urban,2024-09-07,14:24,14:34,6.18,40
ORD005195,DEL0479,34,4.0,RES0173,12.916578,77.599105,12.902565,77.540748,Buffet,motorcycle,Cloudy,Medium,No,Urban,2024-04-08,12:28,13:01,6.51,61
ORD014223,DEL0525,60,4.4,RES0238,13.010796,77.648283,13.003174,77.610957,Meal,scooter,Rainy,High,No,Metropolitan,2024-05-20,21:03,21:23,4.13,60
ORD017122,DEL0014,45,4.6,RES0145,12.951268,77.639421,13.033355,77.745724,Snack,motorcycle,Sunny,Medium,No,Urban,2024-10-16,13:43,13:54,14.7,59
ORD019673,DEL0054,36,4.2,RES0028,12.892641,77.580444,12.936788,77.601924,Drinks,scooter,Cloudy,High,No,Urban,2024-07-17,23:40,23:48,5.43,41
ORD017186,DEL0542,24,4.1,RES0145,12.951268,77.639421,12.970224,77.740244,Meal,bicycle,Cloudy,Jam,No,Urban,2024-12-04,20:39,20:52,11.13,137
ORD001730,DEL0324,30,3.6,RES0266,12.954921,77.638886,12.964264,77.630407,Meal,electric_scooter,Cloudy,Medium,No,Urban,2024-10-17,09:30,09:46,1.39,30
ORD019915,DEL0582,26,3.3,RES0073,13.082453,77.631071,13.024304,77.687739,Snack,motorcycle,Sunny,Medium,Yes,Urban,2024-03-29,22:42,22:59,8.92,48
ORD019842,DEL0087,28,3.9,RES0267,12.903881,77.518215,12.832873,77.556356,Meal,motorcycle,Sunny,Low,No,Urban,2024-07-16,22:06,22:33,8.91,51
ORD013337,DEL0266,35,5.0,RES0080,12.990597,77.605673,13.032771,77.611679,Snack,motorcycle,Cloudy,Low,No,Semi-Urban,2024-04-25,23:16,23:26,4.73,28
ORD003311,DEL0142,19,4.0,RES0108,12.930061,77.643478,12.942712,77.869376,Meal,motorcycle,Stormy,Medium,No,Semi-Urban,2024-12-27,10:17,10:30,24.52,117
ORD012572,DEL0516,29,4.6,RES0070,12.955126,77.691169,12.836672,77.697073,Snack,motorcycle,Sunny,Low,No,Urban,2024-01-04,11:59,12:09,13.19,45
ORD003416,DEL0545,21,3.7,RES0130,12.905885,77.548916,12.835152,77.542174,Meal,bicycle,Sunny,Low,No,Semi-Urban,2024-05-03,19:02,19:19,7.9,59
ORD005862,DEL0220,28,4.0,RES0263,12.976088,77.637557,12.969879,77.668195,Snack,scooter,Sunny,High,No,Semi-Urban,2024-02-17,13:54,14:10,3.39,35
ORD015238,DEL0136,29,3.3,RES0197,12.953364,77.534597,12.924821,77.435855,Snack,motorcycle,Cloudy,High,Yes,Metropolitan,2024-09-02,20:44,20:56,11.16,80
ORD006260,DEL0383,27,3.0,RES0041,13.032068,77.531651,12.963531,77.545019,Snack,motorcycle,Sunny,Medium,No,Metropolitan,2024-01-26,20:32,20:42,7.76,44
ORD009620,DEL0368,57,3.8,RES0178,13.000621,77.625036,13.018544,77.653974,Snack,motorcycle,Sunny,High,No,Metropolitan,2024-07-12,11:10,11:23,3.71,36
ORD005864,DEL0025,24,3.3,RES0114,12.932477,77.641452,12.901601,77.736818,Meal,scooter,Cloudy,High,No,Semi-Urban,2024-08-03,21:19,21:36,10.89,64
ORD009807,DEL0202,25,5.0,RES0262,12.924779,77.519126,12.893801,77.512623,Buffet,electric_scooter,Sunny,Jam,No,Urban,2024-03-06,21:22,21:55,3.52,65
ORD005850,DEL0028,19,4.8,RES0151,12.856435,77.69238,12.837755,77.678252,Meal,motorcycle,Sunny,High,No,Semi-Urban,2024-06-24,08:23,08:48,2.58,36
ORD002755,DEL0279,21,4.6,RES0043,12.923459,77.497456,12.992671,77.52575,Drinks,motorcycle,Sunny,Medium,No,Semi-Urban,2024-03-26,18:31,18:36,8.28,33
ORD013644,DEL0565,25,4.8,RES0179,12.950898,77.577183,12.946803,77.613544,Snack,motorcycle,Cloudy,Low,No,Metropolitan,2024-09-18,08:57,09:07,3.97,26
ORD010193,DEL0443,24,4.9,RES0034,13.080149,77.586621,13.026982,77.633719,Drinks,scooter,Rainy,Medium,No,Urban,2024-04-18,18:43,18:48,7.81,50
ORD008036,DEL0210,31,4.3,RES0150,12.89437,77.548001,12.879617,77.495581,Buffet,motorcycle,Cloudy,Jam,No,Urban,2024-04-12,13:33,14:13,5.91,81
ORD016837,DEL0113,18,3.9,RES0200,12.945431,77.588356,12.969325,77.598574,Snack,motorcycle,Cloudy,Jam,No,Semi-Urban,2024-08-21,19:53,20:07,2.88,33
ORD015028,DEL0239,33,4.2,RES0235,13.074543,77.491307,13.144535,77.568373,Meal,scooter,Cloudy,Jam,No,Urban,2024-04-11,22:23,22:38,11.41,85
ORD010762,DEL0323,22,4.8,RES0117,13.077169,77.568886,13.117349,77.575288,Meal,motorcycle,Stormy,Low,No,Urban,2024-07-02,12:36,12:57,4.52,48
ORD007376,DEL0510,30,4.2,RES0238,13.010796,77.648283,12.986815,77.659391,Meal,motorcycle,Fog,Medium,No,Metropolitan,2024-03-09,14:05,14:22,2.93,34
ORD010710,DEL0465,26,4.0,RES0216,12.96369,77.584891,12.99624,77.561285,Snack,scooter,Sunny,High,No,Urban,2024-10-17,13:05,13:23,4.43,44
ORD005999,DEL0379,29,4.7,RES0094,13.061935,77.538219,13.023199,77.539247,Meal,bicycle,Sunny,Low,No,Metropolitan,2024-12-10,01:30,01:39,4.31,35
ORD012265,DEL0285,18,3.7,RES0049,12.989373,77.679048,12.993576,77.656214,Snack,motorcycle,Sunny,Low,Yes,Metropolitan,2024-05-17,18:45,18:54,2.52,23
ORD019734,DEL0341,31,3.1,RES0223,12.852063,77.621422,12.8464,77.583621,Snack,scooter,Sunny,Jam,No,Semi-Urban,2024-06-21,12:21,12:28,4.15,38
ORD019733,DEL0562,24,4.4,RES0235,13.074543,77.491307,13.12768,77.449608,Drinks,scooter,Rainy,Jam,No,Urban,2024-09-06,14:09,14:17,7.44,75
ORD001283,DEL0110,22,3.3,RES0262,12.924779,77.519126,12.892526,77.537756,Meal,scooter,Sunny,Medium,Yes,Urban,2024-05-14,12:22,12:47,4.12,52
ORD005291,DEL0253,30,4.8,RES0093,12.911641,77.532558,12.941135,77.56617,Snack,motorcycle,Sunny,Low,No,Metropolitan,2024-03-15,11:57,12:12,4.9,38
ORD010785,DEL0226,35,3.9,RES0234,13.055454,77.50674,13.013562,77.467785,Meal,motorcycle,Cloudy,Medium,No,Urban,2024-06-23,19:57,20:16,6.29,42
ORD011068,DEL0148,30,4.3,RES0279,12.97404,77.650356,13.001996,77.638881,Meal,bicycle,Fog,High,No,Semi-Urban,2024-04-15,19:49,20:02,3.35,51
ORD019689,DEL0427,31,4.3,RES0262,12.924779,77.519126,12.875617,77.512787,Meal,motorcycle,Rainy,High,No,Urban,2024-01-28,21:00,21:21,5.51,53
ORD004022,DEL0036,23,4.0,RES0099,12.959777,77.60592,12.965777,77.532779,Drinks,electric_scooter,Sunny,High,Yes,Semi-Urban,2024-04-30,16:51,17:01,7.95,51
ORD016142,DEL0042,52,4.8,RES0097,12.871966,77.702505,12.888813,77.767624,Snack,motorcycle,Rainy,Medium,No,Urban,2024-06-17,15:53,16:04,7.3,49
ORD006827,DEL0521,27,3.7,RES0157,12.987861,77.551789,12.958631,77.375578,Buffet,motorcycle,Fog,Jam,No,Urban,2024-10-21,21:02,21:31,19.37,159
ORD018362,DEL0042,52,4.8,RES0282,12.914852,77.515849,13.010461,77.426871,Meal,motorcycle,Rainy,Jam,No,Urban,2024-08-13,12:21,12:37,14.35,128
ORD012085,DEL0488,33,4.2,RES0284,13.007384,77.682957,13.0845,77.744682,Buffet,scooter,Cloudy,Low,No,Metropolitan,2024-10-06,00:34,01:17,10.87,84
ORD011052,DEL0085,30,3.9,RES0173,12.916578,77.599105,12.869968,77.613346,Drinks,scooter,Sunny,High,No,Urban,2024-02-16,14:58,15:01,5.41,35
ORD008332,DEL0430,30,4.2,RES0120,13.047876,77.516557,13.112288,77.396309,Meal,scooter,Sunny,Low,No,Urban,2024-10-10,00:05,00:24,14.86,62
ORD010079,DEL0298,32,4.0,RES0007,12.902642,77.550329,12.960422,77.617573,Meal,motorcycle,Sunny,High,No,Metropolitan,2024-02-19,19:25,19:57,9.72,79
ORD008994,DEL0140,33,4.8,RES0154,13.0027,77.64929,12.98384,77.566525,Drinks,scooter,Sunny,Medium,No,Urban,2024-12-09,15:57,16:06,9.21,44
ORD009819,DEL0514,29,4.2,RES0124,12.870382,77.612356,12.819958,77.597019,Meal,motorcycle,Cloudy,Jam,No,Urban,2024-10-26,18:46,19:03,5.85,56
ORD016875,DEL0312,57,4.7,RES0058,13.033609,77.515968,13.0873,77.524078,Drinks,motorcycle,Cloudy,High,No,Metropolitan,2024-06-19,12:27,12:31,6.03,38
ORD010647,DEL0054,36,4.2,RES0035,12.999233,77.712306,12.996679,77.675626,Meal,scooter,Fog,Medium,No,Metropolitan,2024-04-07,21:08,21:27,3.98,46
ORD013994,DEL0126,31,4.3,RES0242,13.000419,77.599194,12.988246,77.549162,Meal,scooter,Sunny,Medium,No,Urban,2024-05-25,16:41,17:02,5.59,43
ORD019990,DEL0157,22,4.4,RES0207,12.964392,77.600308,12.916285,77.620612,Snack,motorcycle,Cloudy,Medium,Yes,Semi-Urban,2024-11-25,13:29,13:45,5.78,43
ORD009711,DEL0269,28,4.6,RES0009,13.065204,77.641352,13.101543,77.670162,Drinks,scooter,Stormy,Jam,No,Urban,2024-04-18,21:38,21:44,5.11,57
ORD006897,DEL0265,26,4.5,RES0153,13.011464,77.64548,13.17161,77.492059,Meal,motorcycle,Stormy,Jam,No,Metropolitan,2024-06-15,19:31,19:51,24.36,240
ORD015371,DEL0015,35,4.2,RES0292,13.063213,77.537802,13.069661,77.55509,Snack,scooter,Cloudy,High,No,Urban,2024-02-27,21:05,21:15,2.01,23
ORD011680,DEL0396,45,4.0,RES0295,13.061779,77.521585,13.105806,77.495786,Meal,electric_scooter,Rainy,Medium,No,Metropolitan,2024-05-27,11:54,12:08,5.64,58
ORD008963,DEL0304,25,4.0,RES0294,12.873472,77.479589,12.836483,77.498581,Meal,motorcycle,Sunny,High,No,Urban,2024-06-20,16:07,16:22,4.6,41
ORD005475,DEL0536,34,4.7,RES0131,12.977555,77.604234,12.989234,77.590823,Buffet,motorcycle,Rainy,Medium,No,Metropolitan,2024-07-16,09:01,09:28,1.95,50
ORD006403,DEL0511,29,3.4,RES0257,12.974313,77.642425,12.971168,77.650249,Drinks,bicycle,Fog,Medium,No,Semi-Urban,2024-05-10,21:49,21:55,0.92,16
ORD003726,DEL0490,21,3.9,RES0174,12.930282,77.589626,13.082327,77.588449,Snack,motorcycle,Sunny,Medium,No,Urban,2024-04-11,09:15,09:25,16.91,70
ORD003740,DEL0421,26,4.0,RES0005,13.062672,77.500041,13.082219,77.515007,Snack,scooter,Cloudy,High,Yes,Metropolitan,2024-09-04,20:33,20:49,2.71,37
ORD010222,DEL0194,26,4.5,RES0253,13.046697,77.520215,13.084144,77.486657,Meal,electric_scooter,Cloudy,Medium,No,Semi-Urban,2024-08-27,22:14,22:29,5.53,41
ORD013085,DEL0561,43,4.1,RES0023,12.928888,77.487746,12.892363,77.472022,Drinks,scooter,Sunny,Jam,No,Semi-Urban,2024-02-18,21:04,21:08,4.4,32
ORD008733,DEL0500,27,3.9,RES0231,13.085466,77.695112,13.057969,77.674106,Drinks,scooter,Stormy,Medium,No,Metropolitan,2024-01-30,12:44,12:48,3.81,34
ORD012492,DEL0207,37,3.6,RES0033,12.935123,77.527431,12.953434,77.486164,Snack,motorcycle,Sunny,Low,Yes,Metropolitan,2024-12-03,20:51,21:02,4.91,32
ORD006776,DEL0522,25,3.9,RES0207,12.964392,77.600308,12.878747,77.549583,Meal,motorcycle,Cloudy,Low,No,Semi-Urban,2024-12-23,19:44,20:06,11.0,59
ORD019981,DEL0216,25,4.9,RES0038,12.995666,77.576141,12.942224,77.595744,Snack,motorcycle,Sunny,Low,No,Urban,2024-11-13,08:45,08:56,6.31,38
ORD004292,DEL0584,22,3.6,RES0002,12.871505,77.617002,12.807062,77.622463,Meal,motorcycle,Rainy,Low,No,Urban,2024-06-06,15:22,15:37,7.19,48
ORD003580,DEL0245,20,4.8,RES0180,12.964444,77.597078,12.942947,77.589876,Meal,motorcycle,Sunny,Medium,No,Urban,2024-11-18,10:20,10:36,2.51,29
ORD012569,DEL0027,42,4.1,RES0104,12.918355,77.703421,12.908523,77.688367,Meal,motorcycle,Cloudy,Medium,No,Urban,2024-03-14,20:37,20:50,1.96,24
ORD000929,DEL0284,28,4.3,RES0079,12.989246,77.62829,12.968029,77.577215,Meal,electric_scooter,Rainy,High,No,Urban,2024-06-21,12:16,12:40,6.02,68
ORD006530,DEL0005,50,3.8,RES0271,12.901365,77.527019,12.903841,77.489968,Meal,motorcycle,Sunny,High,Yes,Metropolitan,2024-02-23,14:20,14:41,4.03,55
ORD003845,DEL0144,32,4.2,RES0073,13.082453,77.631071,13.128759,77.609497,Meal,motorcycle,Cloudy,Jam,No,Urban,2024-03-14,14:03,14:26,5.65,50
ORD018144,DEL0449,32,4.9,RES0208,12.858373,77.541855,12.820212,77.576604,Snack,motorcycle,Sunny,High,No,Semi-Urban,2024-06-14,12:31,12:40,5.67,34
ORD010868,DEL0566,33,4.8,RES0074,12.911341,77.633701,12.880107,77.624402,Meal,bicycle,Sunny,High,No,Metropolitan,2024-12-17,11:00,11:23,3.62,61
ORD017780,DEL0335,27,4.5,RES0282,12.914852,77.515849,12.949721,77.533102,Drinks,motorcycle,Sunny,Jam,No,Urban,2024-10-03,12:48,12:56,4.3,40
ORD017401,DEL0255,35,4.3,RES0031,12.895873,77.563899,12.851297,77.533381,Meal,scooter,Cloudy,High,No,Metropolitan,2024-11-13,13:19,13:43,5.96,70
ORD006149,DEL0137,33,4.3,RES0219,12.878365,77.713561,12.904951,77.707155,Meal,motorcycle,Rainy,Medium,No,Semi-Urban,2024-06-19,09:17,09:42,3.04,42
ORD008320,DEL0056,33,3.9,RES0229,13.022693,77.642462,13.023805,77.617054,Meal,bicycle,Sunny,Low,No,Metropolitan,2024-11-21,18:51,19:10,2.76,43
ORD001816,DEL0275,30,4.8,RES0068,12.975186,77.521012,13.003074,77.538189,Meal,scooter,Rainy,High,No,Semi-Urban,2024-07-20,13:47,14:09,3.62,43
ORD006073,DEL0329,35,3.7,RES0118,13.082303,77.629909,12.994361,77.610016,Meal,bicycle,Stormy,Jam,No,Urban,2024-06-05,14:37,14:50,10.01,194
ORD009301,DEL0398,46,4.1,RES0122,12.969513,77.572184,12.963461,77.483359,Snack,scooter,Cloudy,Low,No,Urban,2024-09-10,18:40,18:48,9.65,43
ORD011848,DEL0408,30,4.5,RES0282,12.914852,77.515849,12.979129,77.47659,Meal,scooter,Cloudy,Medium,No,Urban,2024-12-20,13:01,13:21,8.32,55
ORD019588,DEL0194,26,4.5,RES0194,13.020908,77.640298,13.039821,77.65609,Drinks,electric_scooter,Cloudy,Jam,No,Semi-Urban,2024-05-27,21:32,21:43,2.71,32
ORD009458,DEL0513,26,4.5,RES0146,12.917238,77.691846,12.907348,77.630522,Meal,electric_scooter,Rainy,Medium,No,Metropolitan,2024-08-15,12:10,12:30,6.74,63
ORD005834,DEL0585,37,5.0,RES0067,13.004789,77.527807,13.007575,77.424868,Meal,electric_scooter,Stormy,Medium,No,Metropolitan,2024-08-25,13:33,13:59,11.16,105
ORD019265,DEL0425,28,3.9,RES0016,12.989797,77.509002,12.961144,77.50722,Meal,bicycle,Fog,Jam,No,Metropolitan,2024-05-05,12:59,13:22,3.19,83
ORD015022,DEL0507,30,4.9,RES0261,12.946619,77.610812,12.987128,77.625879,Meal,scooter,Rainy,High,No,Urban,2024-06-16,20:45,21:08,4.79,48
ORD014378,DEL0072,33,3.8,RES0168,13.002261,77.666171,13.03142,77.672498,Meal,motorcycle,Sunny,Low,Yes,Urban,2024-01-18,09:21,09:32,3.31,29
ORD008883,DEL0143,23,3.3,RES0168,13.002261,77.666171,12.970974,77.715806,Snack,scooter,Cloudy,High,No,Urban,2024-08-25,17:57,18:02,6.41,48
ORD014305,DEL0257,29,4.6,RES0281,12.970902,77.490719,12.941054,77.508535,Drinks,bicycle,Sunny,Jam,No,Semi-Urban,2024-12-13,12:25,12:32,3.84,45
ORD010490,DEL0221,32,4.5,RES0090,12.974182,77.696516,12.997138,77.669625,Snack,scooter,Cloudy,Medium,No,Urban,2024-12-18,22:21,22:32,3.87,29
ORD011886,DEL0105,18,4.2,RES0281,12.970902,77.490719,12.970127,77.530566,Snack,electric_scooter,Rainy,Low,No,Semi-Urban,2024-07-22,10:22,10:32,4.32,36
ORD014219,DEL0272,33,4.2,RES0054,13.012422,77.511192,13.016258,77.557145,Drinks,electric_scooter,Rainy,Low,No,Urban,2024-12-17,23:07,23:14,5.0,31
ORD005904,DEL0268,39,3.8,RES0292,13.063213,77.537802,13.024053,77.532137,Meal,motorcycle,Fog,Medium,No,Urban,2024-05-22,17:59,18:13,4.4,37
ORD007665,DEL0504,21,3.6,RES0070,12.955126,77.691169,12.96179,77.718933,Meal,bicycle,Stormy,High,No,Urban,2024-09-11,13:03,13:20,3.1,64
ORD014010,DEL0561,43,4.1,RES0183,13.016142,77.595331,13.048461,77.590282,Meal,scooter,Cloudy,Medium,No,Metropolitan,2024-05-05,13:19,13:30,3.64,34
ORD002130,DEL0299,21,3.8,RES0075,13.021909,77.589807,12.824591,77.595442,Meal,motorcycle,Sunny,Low,No,Metropolitan,2024-02-17,20:43,21:01,21.95,105
ORD019863,DEL0068,32,3.9,RES0051,12.866199,77.603814,12.838191,77.630425,Meal,motorcycle,Sunny,Jam,Yes,Urban,2024-12-03,19:26,19:44,4.25,50
ORD007780,DEL0291,34,4.0,RES0081,12.89175,77.504365,12.863,77.533032,Meal,scooter,Cloudy,Jam,No,Metropolitan,2024-11-01,19:52,20:20,4.46,66
ORD002741,DEL0266,35,5.0,RES0248,13.04607,77.668096,13.028636,77.732197,Meal,motorcycle,Cloudy,Medium,No,Semi-Urban,2024-08-28,09:48,10:10,7.21,48
ORD017471,DEL0212,20,3.4,RES0291,12.894275,77.646921,12.93189,77.652466,Drinks,motorcycle,Sunny,High,No,Urban,2024-01-06,13:41,13:47,4.23,27
ORD008814,DEL0137,33,4.3,RES0187,13.015414,77.568316,12.997598,77.632606,Meal,motorcycle,Sunny,High,No,Urban,2024-11-28,14:54,15:09,7.24,52
ORD015173,DEL0093,18,3.4,RES0126,13.08244,77.582766,13.109811,77.601661,Meal,scooter,Rainy,Low,No,Urban,2024-03-14,00:59,01:24,3.67,45
ORD010780,DEL0451,27,4.3,RES0267,12.903881,77.518215,12.73928,77.510297,Meal,scooter,Rainy,Medium,No,Urban,2024-12-09,15:34,15:57,18.32,113
ORD001351,DEL0372,26,4.4,RES0005,13.062672,77.500041,13.093284,77.504307,Snack,scooter,Cloudy,High,Yes,Metropolitan,2024-11-25,11:39,11:52,3.44,39
ORD009059,DEL0348,32,4.0,RES0104,12.918355,77.703421,12.910256,77.627967,Meal,electric_scooter,Sunny,High,No,Urban,2024-03-23,13:54,14:12,8.23,62
ORD013496,DEL0273,24,4.2,RES0258,12.965487,77.560206,13.010717,77.577176,Meal,motorcycle,Sunny,Medium,No,Semi-Urban,2024-04-09,18:27,18:49,5.35,44
ORD009923,DEL0143,23,3.3,RES0253,13.046697,77.520215,13.172725,77.665303,Drinks,scooter,Sunny,Medium,No,Semi-Urban,2024-03-05,21:43,21:51,21.05,84
ORD001523,DEL0455,31,4.6,RES0025,12.918359,77.593036,12.859186,77.652052,Snack,scooter,Stormy,Low,No,Urban,2024-03-01,22:21,22:33,9.18,52
ORD006761,DEL0078,24,3.9,RES0237,12.88579,77.493985,12.859108,77.560733,Meal,electric_scooter,Stormy,Jam,No,Semi-Urban,2024-10-20,09:01,09:15,7.82,86
ORD018863,DEL0235,35,3.7,RES0235,13.074543,77.491307,13.074094,77.448604,Meal,motorcycle,Fog,Low,No,Urban,2024-07-17,11:43,11:59,4.63,34
ORD002798,DEL0168,26,4.3,RES0252,13.012039,77.654859,13.017259,77.653764,Snack,electric_scooter,Sunny,High,No,Urban,2024-12-23,20:58,21:13,0.59,22
ORD007041,DEL0191,37,4.9,RES0094,13.061935,77.538219,13.016582,77.537521,Snack,motorcycle,Fog,High,No,Metropolitan,2024-07-27,19:11,19:19,5.04,34
ORD002993,DEL0158,30,4.7,RES0130,12.905885,77.548916,13.001818,77.649819,Drinks,scooter,Cloudy,Low,Yes,Semi-Urban,2024-04-30,19:39,19:53,15.28,68
ORD013752,DEL0002,22,3.6,RES0298,13.081766,77.51056,13.082048,77.518726,Meal,motorcycle,Cloudy,Low,No,Semi-Urban,2024-04-03,12:53,13:16,0.88,30
ORD015060,DEL0433,28,3.7,RES0068,12.975186,77.521012,12.981294,77.434195,Meal,scooter,Rainy,Medium,No,Semi-Urban,2024-09-19,12:17,12:45,9.43,75
ORD015067,DEL0098,21,3.5,RES0194,13.020908,77.640298,13.026939,77.66373,Drinks,scooter,Sunny,Low,No,Semi-Urban,2024-09-28,00:13,00:18,2.63,19
ORD009756,DEL0137,33,4.3,RES0242,13.000419,77.599194,13.044194,77.659694,Meal,motorcycle,Cloudy,Low,No,Urban,2024-05-23,16:17,16:41,8.16,51
ORD009153,DEL0553,35,3.8,RES0120,13.047876,77.516557,13.065982,77.572801,Meal,motorcycle,Fog,Medium,No,Urban,2024-09-26,21:18,21:42,6.42,51
ORD007458,DEL0043,29,4.6,RES0232,12.861037,77.66824,12.887346,77.65587,Meal,motorcycle,Cloudy,Medium,No,Urban,2024-08-17,11:57,12:25,3.22,44
ORD007684,DEL0535,33,3.3,RES0011,12.909314,77.557368,12.933288,77.488557,Snack,scooter,Cloudy,Medium,No,Semi-Urban,2024-03-17,09:12,09:23,7.92,40
ORD017822,DEL0385,28,3.8,RES0253,13.046697,77.520215,13.004242,77.591001,Meal,motorcycle,Rainy,Medium,No,Semi-Urban,2024-09-15,21:20,22:18,9.01,97
ORD010262,DEL0509,40,3.9,RES0050,13.015833,77.532435,12.943471,77.540446,Snack,electric_scooter,Rainy,High,No,Urban,2024-08-07,14:16,14:23,8.09,68
ORD012965,DEL0234,30,5.0,RES0094,13.061935,77.538219,13.107015,77.574118,Meal,motorcycle,Sunny,High,No,Metropolitan,2024-12-20,14:59,15:17,6.34,52
ORD000089,DEL0292,30,4.4,RES0066,12.96565,77.647705,12.949556,77.681712,Drinks,scooter,Cloudy,Medium,No,Urban,2024-05-16,19:42,19:52,4.1,34
