Model,Test MAE,Test RMSE,Test R²,Test Accuracy (±5min)
XGBoost,3.1209304332733154,4.265564411557456,0.9710739850997925,79.7
Gradient Boosting,3.128883782371705,4.258019856579838,0.9711762398105346,78.64999999999999
LightGBM,3.130227719298577,4.1693855489277105,0.9723637326900864,77.60000000000001
Random Forest,4.290934185071872,6.316009363289537,0.9365807938504788,67.55
